priority_rank,tier,legal_name,ja_kodas,main_category,n_places,reviews_total,rating_weighted,taxes_paid,peer_median_taxes,insured_avg,revenue,revenue_fy,score,gap_taxes,gap_payroll,gap_revenue,sig_near_zero_declared,sig_staffing_floor,sig_vat_gap,hold_reason,link_methods,validation_statuses
1,A_priority,Entity xb63bb4d165,952947674,hair_beauty,1,60.0,4.5,0.0,2900.0,0.0,,,8.4,8.0,9.1,,true,false,true,,['fallback:website'],[single_source]
2,A_priority,Entity xf06f33e439,902630994,hair_beauty,1,80.0,4.5,400.0,3200.0,0.0,44000.0,2024,3.9,2.2,9.4,0.1,true,true,true,,[exact_name],[unverified]
3,A_priority,Entity xd34f8487a1,979358392,hair_beauty,1,150.0,4.5,100.0,3200.0,0.5,6500.0,2024,2.7,4.1,0.7,2.0,true,true,true,,['fallback:website'],[single_source]
4,A_priority,Entity xcb54329fc3,987022343,auto,2,150.0,4.0,1800.0,66000.0,6.0,27000.0,2024,2.5,3.6,0.2,3.1,false,false,true,,"['fallback:website', 'fallback:serp+website']","[single_source, confirmed]"
5,A_priority,Entity x566e638153,915811234,hair_beauty,3,150.0,4.5,800.0,14000.0,1.0,14000.0,2024,2.0,2.9,0.5,1.9,false,false,true,,[exact_name],[unverified]
6,A_priority,Entity xaf41a6be97,905243624,auto,1,80.0,4.5,2300.0,29000.0,4.0,44000.0,2024,1.9,2.5,0.9,1.9,false,false,true,,[exact_name],[unverified]
7,A_priority,Entity x61cab0f7af,980310327,hair_beauty,1,80.0,4.0,300.0,3200.0,1.0,6000.0,2024,1.8,2.5,0.4,2.1,true,false,true,,[exact_name],[unverified]
8,A_priority,Entity xbb1aa99bba,989099122,hair_beauty,1,50.0,4.5,100.0,2900.0,1.5,33000.0,2024,1.7,3.1,0.3,0.1,true,false,false,,[exact_name],[unverified]
9,A_priority,Entity x3ac31f448e,917620406,hair_beauty,1,100.0,4.5,300.0,3200.0,6.0,41000.0,2024,1.4,2.5,0.4,0.2,true,false,true,,[core_name+activity],[confirmed_by_audit]
10,B_watchlist,Entity x067a97ddf5,903682703,auto,3,400.0,5.0,0.0,66000.0,0.0,32000.0,2023,7.5,7.2,10.8,2.9,true,true,true,link to legal entity not verified enough,"[exact_name, 'fallback:job_ads', address_only]","[confirmed, unverified, brand_level_only]"
11,B_watchlist,Entity x9cd7ea7c16,965902530,auto,1,200.0,4.0,0.0,66000.0,1.0,600.0,2024,7.4,11.1,1.4,7.0,true,false,false,link to legal entity not verified enough,['fallback:serp'],[single_source]
12,B_watchlist,Entity xda97aa72a1,934556090,nightlife,1,1000.0,4.5,1200.0,47000.0,0.0,,,6.1,3.7,10.2,,false,false,false,link to legal entity not verified enough,[address_only],[conflict]
13,B_watchlist,Entity x3b3bd1f27f,911439757,hair_beauty,1,150.0,4.5,0.0,2900.0,0.0,400.0,2023,4.9,8.0,0.0,4.5,true,false,false,premises shared with another linked entity,[exact_name+activity],[confirmed_by_audit]
14,B_watchlist,Entity xa2bfeb5740,970817255,hair_beauty,1,250.0,5.0,0.0,2900.0,0.5,35000.0,2024,4.0,8.0,0.0,0.0,true,false,false,premises shared with another linked entity,['fallback:trademark+website'],[confirmed]
15,B_watchlist,Entity x73e3ee593c,993596048,hair_beauty,1,100.0,5.0,0.0,3200.0,2.0,87000.0,2024,3.9,8.1,0.0,-0.6,true,false,false,premises shared with another linked entity,['fallback:website'],[single_source]
16,B_watchlist,Entity xe8f651c010,931140444,auto,1,150.0,4.5,1000.0,66000.0,1.0,,,3.1,4.2,1.3,,false,false,false,no corroborating signal,[core_name+activity],[confirmed]
17,B_watchlist,Entity x70fda97a97,972420517,nightlife,1,650.0,4.5,1200.0,56000.0,2.0,19000.0,2023,2.9,3.8,1.2,3.1,false,false,true,premises shared with another linked entity,[core_name+activity],[confirmed_by_audit]
18,B_watchlist,Entity x0df299c9b1,913379048,hair_beauty,1,150.0,4.5,400.0,14000.0,1.0,,,2.5,3.6,0.7,,true,false,true,premises shared with another linked entity,[exact_name],[unverified]
19,B_watchlist,Entity x518a93d162,927309773,hair_beauty,1,250.0,5.0,200.0,14000.0,1.0,21000.0,2024,2.5,4.0,0.5,1.5,true,false,false,link to legal entity not verified enough,['fallback:job_ads'],[brand_level_only]
20,B_watchlist,Entity x6151778bbf,925892519,auto,1,250.0,5.0,4800.0,66000.0,3.5,88000.0,2024,1.9,2.6,0.6,1.9,false,false,false,premises shared with another linked entity,[exact_name],[unverified]
21,B_watchlist,Entity x8c8af6bccd,972943899,nightlife,1,3000.0,4.5,21000.0,90000.0,5.0,58000.0,2024,1.8,1.5,1.8,2.8,false,false,false,link to legal entity not verified enough,[core_name+address],[conflict]
22,B_watchlist,Entity x8db29ead5e,905857187,auto,1,150.0,4.5,12000.0,66000.0,3.0,50000.0,2024,1.6,1.7,0.8,2.5,false,false,false,no corroborating signal,[exact_name],[unverified]
23,B_watchlist,Entity x77a7e2c754,947957885,auto,2,250.0,5.0,16000.0,66000.0,4.0,153000.0,2024,1.4,1.4,1.3,1.4,false,false,false,premises shared with another linked entity,[exact_name],[unverified]
24,B_watchlist,Entity x1e01ae20c0,965182537,auto,2,250.0,4.5,15000.0,66000.0,5.0,188000.0,2024,1.3,1.5,1.2,1.1,false,false,false,premises shared with another linked entity,[exact_name],"[confirmed, unverified]"
25,B_watchlist,Entity xf075a3eca4,952034648,hair_beauty,1,100.0,4.0,300.0,3200.0,2.0,31000.0,2024,1.3,2.3,0.0,0.5,true,false,true,link to legal entity not verified enough,[address_only],[unverified]
26,B_watchlist,Entity xdda626b9da,984023903,auto,1,70.0,4.5,14000.0,66000.0,3.0,159000.0,2024,1.3,1.5,0.8,1.3,false,false,false,no corroborating signal,['fallback:website'],[single_source]
27,B_watchlist,Entity x2269a48e48,927698437,hair_beauty,1,200.0,4.5,2200.0,14000.0,3.0,15000.0,2024,1.2,1.8,-0.2,1.8,false,false,true,link to legal entity not verified enough,[address_only],[unverified]
28,B_watchlist,Entity x298c340577,944933699,nightlife,1,2000.0,4.5,17000.0,90000.0,2.5,1521000.0,2024,1.2,1.7,1.6,-0.5,false,false,false,no corroborating signal,['fallback:vmvt'],[single_source]
29,B_watchlist,Entity x9f1a647c34,903827526,auto,1,200.0,4.5,15000.0,66000.0,9.5,287000.0,2024,1.1,1.5,0.6,0.7,false,false,false,no corroborating signal,[exact_name],[unverified]
29,B_watchlist,Entity xc4f5e39c5e,964707455,nightlife,1,3750.0,4.5,25000.0,90000.0,6.5,427000.0,2024,1.1,1.3,0.8,0.8,false,false,false,no corroborating signal,[exact_name+activity],[unverified]
31,B_watchlist,Entity x582b6a025c,985377775,auto,1,70.0,4.5,9000.0,29000.0,3.0,87000.0,2024,1.0,1.2,0.5,1.2,false,false,false,premises shared with another linked entity,[exact_name],[confirmed]
32,B_watchlist,Entity xe376af81ee,990174134,hair_beauty,1,80.0,4.5,600.0,2900.0,0.0,19000.0,2024,1.0,1.7,0.0,0.6,false,false,false,no corroborating signal,['fallback:website'],[single_source]
33,B_watchlist,Entity x5535358fa1,920233119,auto,1,90.0,4.0,9500.0,29000.0,4.5,159000.0,2024,0.9,1.1,0.8,0.6,false,false,false,premises shared with another linked entity,[exact_name],[confirmed]
34,B_watchlist,Entity xd8df556e34,922592474,auto,1,100.0,4.0,7300.0,29000.0,4.5,154000.0,2024,0.9,1.4,0.2,0.7,false,false,false,no corroborating signal,[exact_name],[confirmed]
35,D_insufficient_evidence,Entity xddd9cbbaec,995666858,nightlife,1,150.0,5.0,0.0,61000.0,0.0,,,11.0,11.0,11.1,,true,false,false,entity younger than 12 months,[exact_name],[confirmed]
36,D_insufficient_evidence,Entity xcadf3feaaf,998862605,auto,1,20.0,5.0,,19000.0,0.0,0.0,2024,10.7,,9.9,12.0,true,false,false,no VMI tax record (absence is not proof of zero),[core_name+activity],[unverified]
37,D_insufficient_evidence,Entity x132953a553,917930514,nightlife,1,100.0,5.0,0.0,56000.0,0.0,,,10.7,10.9,10.3,,true,false,false,entity younger than 12 months,[core_name+activity],[confirmed]
38,D_insufficient_evidence,Entity x52d694d92b,973739459,nightlife,1,60.0,4.5,0.0,47000.0,0.0,,,10.5,10.8,10.2,,true,false,false,entity younger than 12 months,['fallback:vmvt'],[single_source]
39,D_insufficient_evidence,Entity x9dab1504dd,917608871,nightlife,1,30.0,5.0,0.0,14000.0,0.0,,,10.2,9.5,11.2,,true,false,true,entity younger than 12 months,['fallback:primary_candidate+vmvt'],[single_source]
40,C_not_flagged,Entity x6e87337812,963147308,auto,1,40.0,3.5,0.0,25000.0,0.0,,,10.0,10.1,9.7,,true,false,false,not visibly busy vs category (65+ reviews needed),[address_only],[unverified]
41,D_insufficient_evidence,Entity x3de9074b1b,959037069,nightlife,1,30.0,4.5,,39000.0,0.0,,,10.0,,10.0,,false,false,false,entity younger than 12 months,['fallback:vmvt'],[single_source]
42,D_insufficient_evidence,Entity x0a98cee870,922646429,auto,1,0.0,,0.0,12000.0,0.0,,,9.5,9.4,9.8,,true,true,true,entity younger than 12 months,[exact_name],[unverified]
43,C_not_flagged,Entity x731449ec1d,976750932,nightlife,1,0.0,5.0,0.0,36000.0,0.0,41000.0,2023,9.0,10.5,11.3,2.0,true,false,true,too few reviews for the rating profile,[exact_name],[unverified]
44,C_not_flagged,Entity x24f354afd6,916462733,nightlife,1,0.0,,0.0,36000.0,0.0,29000.0,2024,9.0,10.5,11.1,2.2,true,false,true,too few reviews for the rating profile,[exact_name],[unverified]
45,C_not_flagged,Entity x0dff5707e3,927956436,nightlife,1,10.0,3.5,0.0,36000.0,0.0,66000.0,2023,9.0,10.5,11.3,1.5,true,true,true,too few reviews for the rating profile,['fallback:vmvt'],[single_source]
46,C_not_flagged,Entity xbde4ff026a,928541604,auto,1,50.0,4.5,0.0,19000.0,0.0,10000.0,2024,8.4,9.9,9.9,2.7,true,true,true,not visibly busy vs category (65+ reviews needed),[exact_name],[unverified]
47,C_not_flagged,Entity x91c8a37c10,922303673,hair_beauty,2,40.0,5.0,0.0,2900.0,0.0,,,8.4,8.0,9.1,,true,false,true,too few reviews for the rating profile,"[address_only, exact_name]","[rejected_by_audit, unverified]"
48,D_insufficient_evidence,Entity xed69a0762a,919447571,nightlife,1,450.0,4.5,,61000.0,0.0,16000.0,2024,8.2,,11.1,3.9,false,false,true,no VMI tax record (absence is not proof of zero),[address_only],[confirmed_by_audit]
49,C_not_flagged,Entity x94f72a1ebd,984490517,hair_beauty,1,10.0,4.5,0.0,1300.0,0.0,,,7.7,7.1,8.7,,true,false,false,too few reviews for the rating profile,[exact_name],[unverified]
50,C_not_flagged,Entity x6ff670fda0,948307802,auto,1,10.0,4.5,0.0,27000.0,4.0,7800.0,2024,7.1,10.2,4.5,3.4,true,false,true,too few reviews for the rating profile,[address_only],[unverified]
51,C_not_flagged,Entity xa53b7cbd8b,914450344,auto,1,30.0,3.5,0.0,29000.0,1.5,,,6.8,10.3,1.0,,true,false,false,too few reviews for the rating profile,[exact_name],[unverified]
52,D_insufficient_evidence,Entity x237b7faaf5,929859863,hair_beauty,1,0.0,4.0,,1500.0,0.0,1300.0,2024,6.7,,9.0,3.2,true,false,false,no VMI tax record (absence is not proof of zero),[core_name+activity],[unverified]
53,C_not_flagged,Entity x6325788075,986624502,hair_beauty,1,10.0,4.5,0.0,1300.0,0.0,8900.0,2024,6.3,7.1,8.7,0.9,true,false,false,too few reviews for the rating profile,[core_name+activity],[unverified]
54,C_not_flagged,Entity xadc6673f03,947312883,auto,1,0.0,5.0,200.0,12000.0,0.0,300.0,2024,6.3,4.3,9.8,5.9,true,false,true,too few reviews for the rating profile,[exact_name],[confirmed]
55,D_insufficient_evidence,Entity xe9207a7b05,903107970,auto,1,10.0,4.0,,27000.0,0.0,0.0,2024,6.0,,1.8,12.4,true,true,true,no VMI tax record (absence is not proof of zero),[exact_name],[unverified]
56,D_insufficient_evidence,Entity x1961e8d28f,908635471,auto,1,0.0,1.0,,12000.0,0.0,0.0,2025,5.5,,1.4,11.7,true,false,true,no VMI tax record (absence is not proof of zero),[exact_name],[unverified]
57,D_insufficient_evidence,Entity x308f1b4bd7,996411888,auto,1,10.0,4.5,0.0,5500.0,0.0,,,5.4,8.6,0.0,,true,false,false,entity younger than 12 months,[exact_name],[unverified]
58,C_not_flagged,Entity xc5d9c1fd50,953178937,auto,1,30.0,4.5,0.0,19000.0,2.0,50000.0,2024,5.3,9.9,0.5,1.2,true,false,false,not visibly busy vs category (65+ reviews needed),[core_name+activity],[unverified]
59,C_not_flagged,Entity x96a3ddf72d,947799466,auto,1,0.0,5.0,0.0,12000.0,0.5,29000.0,2024,5.3,9.4,1.2,1.4,true,false,true,too few reviews for the rating profile,[exact_name],[confirmed]
60,C_not_flagged,Entity xbc281fc86c,917942515,auto,1,20.0,5.0,0.0,5500.0,0.0,800.0,2024,5.2,8.6,0.0,4.4,true,false,true,too few reviews for the rating profile,[exact_name],[unverified]
61,C_not_flagged,Entity x6e03b78277,942737992,nightlife,1,0.0,2.0,0.0,36000.0,5.5,31000.0,2023,5.2,6.9,4.2,2.3,true,false,true,too few reviews for the rating profile,['fallback:vmvt'],[single_source]
62,D_insufficient_evidence,Entity x7c2d82d84f,910586783,auto,1,0.0,,0.0,3600.0,0.0,,,5.1,8.2,0.0,,true,false,false,entity younger than 12 months,[exact_name],[unverified]
63,C_not_flagged,Entity xd3296d2478,978226459,auto,1,0.0,5.0,0.0,12000.0,1.0,59000.0,2024,5.0,9.4,0.7,0.7,true,false,false,too few reviews for the rating profile,['fallback:website'],[single_source]
64,C_not_flagged,Entity x29dcd919d4,911892582,hair_beauty,1,20.0,5.0,0.0,2900.0,0.0,,,5.0,8.0,0.0,,true,false,false,too few reviews for the rating profile,['fallback:website'],[confirmed_by_audit]
65,C_not_flagged,Entity xa1598ba90f,967273821,auto,1,0.0,,0.0,12000.0,1.0,118000.0,2024,4.9,9.4,0.8,0.0,true,false,true,too few reviews for the rating profile,[exact_name],[unverified]
66,D_insufficient_evidence,Entity x5a69e39188,936031626,hair_beauty,1,40.0,4.5,,2900.0,0.0,0.0,2023,4.9,,1.1,10.6,true,true,false,no VMI tax record (absence is not proof of zero),[exact_name],[unverified]
67,C_not_flagged,Entity x656163b128,958787801,auto,1,10.0,3.5,0.0,5500.0,0.0,4900.0,2024,4.8,8.6,0.0,2.6,true,false,true,too few reviews for the rating profile,[exact_name],[unverified]
68,C_not_flagged,Entity x012ea21b10,999805983,nightlife,1,500.0,5.0,800.0,14000.0,0.0,92000.0,2024,4.8,2.8,11.2,0.3,false,false,false,not visibly busy vs category (1194+ reviews needed),['fallback:job_ads'],[brand_level_only]
69,D_insufficient_evidence,Entity x4d097ed9f7,978258195,auto,1,0.0,5.0,0.0,2200.0,0.0,,,4.8,7.7,0.0,,true,false,false,entity younger than 12 months,[exact_name],[unverified]
69,C_not_flagged,Entity x0bc89107c9,954571335,auto,1,30.0,4.0,0.0,2200.0,0.0,,,4.8,7.7,0.0,,true,false,true,not visibly busy vs category (65+ reviews needed),[exact_name],[confirmed]
71,C_not_flagged,Entity xb4ff58f4d1,902099567,nightlife,1,80.0,5.0,8900.0,28000.0,0.0,,,4.7,1.1,10.6,,false,false,false,not visibly busy vs category (1194+ reviews needed),[exact_name],[unverified]
72,C_not_flagged,Entity x0324ff2829,934528018,auto,1,0.0,,0.0,12000.0,6.0,166000.0,2023,4.7,9.4,0.1,-0.3,true,false,false,too few reviews for the rating profile,[exact_name],[confirmed]
73,C_not_flagged,Entity xd863c8d385,982667316,hair_beauty,1,0.0,4.5,100.0,1500.0,0.0,3300.0,2023,4.6,2.9,9.0,2.3,true,true,false,too few reviews for the rating profile,[exact_name],[unverified]
74,D_insufficient_evidence,Entity x87100abc39,969334133,hair_beauty,1,10.0,5.0,,1300.0,0.0,0.0,2024,4.6,,1.0,10.0,true,false,false,no VMI tax record (absence is not proof of zero),['fallback:listing_url+primary_candidate'],[single_source]
75,C_not_flagged,Entity x7066f7b75e,944964670,auto,1,10.0,5.0,0.0,1600.0,0.0,,,4.6,7.4,0.0,,true,false,false,too few reviews for the rating profile,[address_only],[unverified]
76,C_not_flagged,Entity xc37d3ff477,911314351,nightlife,1,350.0,4.5,12000.0,47000.0,0.0,80000.0,2024,4.1,1.4,10.2,1.5,false,false,false,not visibly busy vs category (470+ reviews needed),['fallback:vmvt'],[single_source]
77,C_not_flagged,Entity x9384201250,983037385,hair_beauty,1,0.0,5.0,0.0,1100.0,0.0,2800.0,2024,4.0,7.0,0.0,2.5,true,false,false,too few reviews for the rating profile,['fallback:primary_candidate+website'],[single_source]
78,C_not_flagged,Entity x8262598461,920253728,auto,1,0.0,4.5,0.0,1600.0,0.0,12000.0,2024,3.9,7.4,0.0,1.2,true,false,false,too few reviews for the rating profile,[exact_name],[unverified]
79,C_not_flagged,Entity xaff4a56b08,982136237,auto,1,0.0,,0.0,3600.0,2.5,72000.0,2024,3.9,8.2,-0.5,-0.1,true,false,false,too few reviews for the rating profile,[exact_name],[unverified]
80,D_insufficient_evidence,Entity xc3cbaa5176,903242855,nightlife,1,150.0,5.0,500.0,61000.0,0.5,,,3.9,4.7,2.5,,false,false,false,entity younger than 12 months,[core_name+activity],[confirmed]
81,C_not_flagged,Entity x874fac3be7,961773283,hair_beauty,1,0.0,5.0,0.0,500.0,0.0,,,3.9,6.2,0.0,,true,false,false,too few reviews for the rating profile,['fallback:website'],[single_source]
82,C_not_flagged,Entity x7c9130ac52,928701715,auto,1,0.0,,200.0,3600.0,0.5,0.0,2024,3.9,3.1,0.3,11.1,true,false,true,too few reviews for the rating profile,[exact_name],[unverified]
83,C_not_flagged,Entity x33f821903d,908007035,hair_beauty,1,0.0,,0.0,1500.0,1.0,20000.0,2024,3.8,7.3,0.2,0.5,true,true,false,too few reviews for the rating profile,[core_name+address],[unverified]
84,C_not_flagged,Entity xa80bbba0a7,945974742,hair_beauty,1,10.0,5.0,0.0,1100.0,0.0,8600.0,2024,3.8,7.0,0.0,1.4,true,false,false,too few reviews for the rating profile,[exact_name],[rejected_by_audit]
85,C_not_flagged,Entity xab9b63e61b,984305330,auto,1,0.0,5.0,0.0,1600.0,0.0,33000.0,2024,3.7,7.4,0.0,0.2,true,false,false,too few reviews for the rating profile,[exact_name],[unverified]
86,C_not_flagged,Entity xf2c93988cc,967614920,hair_beauty,1,0.0,,0.0,500.0,0.0,2400.0,2024,3.7,6.2,0.0,2.9,true,false,false,too few reviews for the rating profile,['fallback:website'],[single_source]
87,C_not_flagged,Entity x88c7a79ce3,991946356,auto,1,0.0,3.5,0.0,12000.0,1.0,4600.0,2024,3.7,5.6,0.7,3.3,true,false,true,too few reviews for the rating profile,[exact_name],[unverified]
88,C_not_flagged,Entity x9bc9423b1a,901901412,hair_beauty,1,20.0,3.5,0.0,1300.0,2.0,20000.0,2024,3.6,7.1,-0.1,0.1,true,false,false,too few reviews for the rating profile,[core_name+activity],[unverified]
89,C_not_flagged,Entity x8aff02462a,959446503,hair_beauty,1,30.0,4.5,0.0,500.0,0.0,5400.0,2024,3.5,6.3,0.0,1.8,true,false,false,not visibly busy vs category (49+ reviews needed),[exact_name],[unverified]
90,C_not_flagged,Entity x3d18ba66f6,915819453,hair_beauty,1,10.0,5.0,0.0,1100.0,0.0,41000.0,2024,3.5,7.0,0.0,-0.2,true,false,false,too few reviews for the rating profile,['fallback:website'],[single_source]
91,C_not_flagged,Entity x09363ce283,954361722,hair_beauty,1,100.0,5.0,700.0,2900.0,0.0,44000.0,2024,3.5,1.4,9.1,0.1,false,false,false,not visibly busy vs category (100+ reviews needed),[exact_name],[unverified]
92,C_not_flagged,Entity xf7f51299d2,951119003,auto,1,0.0,5.0,100.0,12000.0,2.0,,,3.4,5.2,0.3,,true,false,false,too few reviews for the rating profile,[exact_name],[unverified]
93,C_not_flagged,Entity x01af22d3d5,915212795,hair_beauty,1,20.0,4.5,1300.0,2900.0,0.0,16000.0,2024,3.4,0.8,9.1,1.1,false,false,true,too few reviews for the rating profile,[exact_name],[unverified]
94,C_not_flagged,Entity xb80f9dd494,911974773,nightlife,1,0.0,,400.0,36000.0,0.5,13000.0,2024,3.3,4.4,1.7,3.0,true,false,true,too few reviews for the rating profile,[address_only],[unverified]
95,C_not_flagged,Entity xb58b32ab98,955188098,hair_beauty,1,10.0,4.5,500.0,1300.0,0.0,9200.0,2024,3.2,0.9,8.7,0.9,false,false,false,too few reviews for the rating profile,[exact_name],[unverified]
96,C_not_flagged,Entity x62701a1f9a,914138015,hair_beauty,1,60.0,4.0,1300.0,2900.0,0.0,36000.0,2024,3.2,0.8,9.1,0.3,false,false,false,taxes in line with peers,[exact_name],[unverified]
97,C_not_flagged,Entity x830ad84a65,901666013,hair_beauty,1,40.0,4.5,0.0,500.0,0.0,24000.0,2024,3.2,6.3,0.0,0.2,true,false,false,not visibly busy vs category (49+ reviews needed),[core_name+activity],[rejected_by_audit]
98,C_not_flagged,Entity x757518c86d,987411954,auto,1,0.0,4.0,200.0,27000.0,2.0,13000.0,2024,3.1,4.7,0.7,2.9,true,false,true,too few reviews for the rating profile,[exact_name],[unverified]
99,C_not_flagged,Entity x3880eff9dd,933099149,hair_beauty,1,30.0,4.5,0.0,3200.0,1.0,8000.0,2024,3.1,5.3,0.4,1.8,true,false,false,too few reviews for the rating profile,[address_only],[unverified]
100,C_not_flagged,Entity xf813ce5d1d,950275842,nightlife,1,450.0,3.0,1000.0,56000.0,0.0,48000.0,2024,3.1,4.0,2.2,2.1,false,false,true,not visibly busy vs category (1194+ reviews needed),[exact_name],[confirmed]
101,C_not_flagged,Entity x9c6c73edab,915356713,auto,1,10.0,3.5,400.0,27000.0,3.0,5400.0,2024,3.0,4.2,0.4,3.8,true,false,true,too few reviews for the rating profile,[exact_name],[unverified]
102,C_not_flagged,Entity x6c0dd05a8f,985970446,hair_beauty,1,10.0,4.0,0.0,1500.0,3.0,403000.0,2024,3.0,7.3,-0.6,-2.5,true,false,false,too few reviews for the rating profile,[exact_name],[unverified]
103,D_insufficient_evidence,Entity x49b7e28eb9,928847254,auto,1,20.0,4.0,,27000.0,2.5,400.0,2024,2.9,,0.6,6.5,true,false,false,no VMI tax record (absence is not proof of zero),[core_name+activity],[unverified]
104,C_not_flagged,Entity x6b8e6592b5,933641617,auto,1,0.0,4.0,0.0,2200.0,0.0,,,2.9,4.7,0.0,,true,false,true,too few reviews for the rating profile,[exact_name],[unverified]
105,C_not_flagged,Entity x7a6c9490a9,967565206,nightlife,1,30.0,4.0,800.0,36000.0,1.5,,,2.9,3.8,1.3,,false,false,true,too few reviews for the rating profile,[core_name+activity],[conflict]
106,D_insufficient_evidence,Entity x02fd3e2fee,993310186,hair_beauty,1,0.0,,,1500.0,0.0,100.0,2023,2.9,,0.8,5.9,true,true,false,no VMI tax record (absence is not proof of zero),[exact_name],[unverified]
107,C_not_flagged,Entity x9751b153a8,923194945,auto,1,0.0,5.0,0.0,1600.0,0.0,39000.0,2024,2.9,5.7,0.0,0.0,true,false,false,too few reviews for the rating profile,[exact_name],[unverified]
108,D_insufficient_evidence,Entity xb37994ba60,967657205,nightlife,1,750.0,4.5,,90000.0,0.0,,,2.9,,2.9,,false,true,true,no VMI tax record (absence is not proof of zero),['fallback:job_ads+primary_candidate'],[single_source]
109,C_not_flagged,Entity x445046a39a,973199434,auto,1,60.0,4.5,800.0,29000.0,3.0,4100.0,2025,2.8,3.6,0.5,4.3,true,false,true,not visibly busy vs category (65+ reviews needed),[core_name+address],[unverified]
110,C_not_flagged,Entity xf8a71866be,952613524,nightlife,1,10.0,5.0,1900.0,36000.0,1.0,5000.0,2024,2.8,2.9,1.7,4.1,true,false,true,too few reviews for the rating profile,[exact_name],[confirmed_by_audit]
111,D_insufficient_evidence,Entity x50fd09cf4a,921527960,nightlife,1,650.0,4.5,,61000.0,0.0,,,2.7,,2.7,,false,false,true,no VMI tax record (absence is not proof of zero),[exact_name],[unverified]
111,D_insufficient_evidence,Entity x233cfe40a7,970659987,nightlife,1,550.0,4.5,,61000.0,0.0,,,2.7,,2.7,,false,false,true,entity younger than 12 months,['fallback:job_ads+primary_candidate'],[single_source]
113,C_not_flagged,Entity xdd217143b9,903923119,hair_beauty,2,20.0,5.0,0.0,1100.0,0.0,5000.0,2024,2.6,4.5,0.0,1.9,true,false,false,too few reviews for the rating profile,[core_name+activity],[conflict]
114,C_not_flagged,Entity x19e1503af4,904377022,hair_beauty,1,40.0,5.0,8900.0,2900.0,0.0,7100.0,2024,2.6,-1.1,9.1,1.9,false,false,false,too few reviews for the rating profile,[exact_name],[unverified]
115,C_not_flagged,Entity x8c8b15d8c8,994871353,auto,1,0.0,,300.0,12000.0,1.0,7900.0,2025,2.6,3.6,0.7,2.7,true,false,false,too few reviews for the rating profile,[exact_name],[unverified]
116,C_not_flagged,Entity x33bec84564,996793771,auto,1,50.0,5.0,2800.0,66000.0,1.0,,,2.5,3.1,1.5,,false,false,false,too few reviews for the rating profile,[exact_name],[unverified]
117,C_not_flagged,Entity x7d0c17d667,993006728,auto,1,70.0,5.0,900.0,25000.0,1.0,38000.0,2024,2.4,3.4,1.1,1.8,false,false,true,too few reviews for the rating profile,[exact_name],[unverified]
118,C_not_flagged,Entity xefaa0cd462,938724210,auto,1,10.0,4.5,700.0,27000.0,3.0,35000.0,2024,2.3,3.7,0.4,1.9,false,false,false,too few reviews for the rating profile,[exact_name],[unverified]
119,C_not_flagged,Entity x466886dc12,953112716,auto,1,20.0,4.5,400.0,19000.0,3.0,44000.0,2024,2.3,4.0,0.3,1.3,true,false,true,too few reviews for the rating profile,[exact_name],[unverified]
120,C_not_flagged,Entity x4c2bfc5c8e,901228901,hair_beauty,1,90.0,5.0,100.0,2900.0,0.0,,,2.3,3.7,0.0,,true,false,false,not visibly busy vs category (100+ reviews needed),[exact_name],[unverified]
121,C_not_flagged,Entity x4222801a74,945538631,nightlife,1,450.0,5.0,10000.0,90000.0,6.5,33000.0,2024,2.3,2.2,1.8,3.4,false,false,false,not visibly busy vs category (1194+ reviews needed),['fallback:job_ads+primary_candidate'],[single_source]
122,D_insufficient_evidence,Entity x3faf80ca84,912582562,auto,2,200.0,5.0,4200.0,66000.0,1.0,,,2.3,2.8,1.6,,false,false,false,entity younger than 12 months,"[exact_name+activity, exact_name]",[unverified]
123,C_not_flagged,Entity x396d9aa3ad,908636587,auto,1,20.0,5.0,0.0,2200.0,0.0,47000.0,2025,2.3,4.4,0.0,0.2,true,false,true,too few reviews for the rating profile,[exact_name],[unverified]
124,D_insufficient_evidence,Entity x0fe7b0780a,972519045,nightlife,1,0.0,,,36000.0,0.0,,,2.2,,2.2,,false,false,true,no VMI tax record (absence is not proof of zero),[address_only],[unverified]
125,C_not_flagged,Entity x8110c30261,991173034,auto,1,30.0,5.0,900.0,19000.0,2.0,14000.0,2024,2.2,3.1,0.6,2.5,false,false,true,too few reviews for the rating profile,[exact_name],[unverified]
126,D_insufficient_evidence,Entity xe428e85a3f,948053288,auto,1,0.0,,,3600.0,0.0,900.0,2023,2.2,,0.7,4.4,true,false,true,no VMI tax record (absence is not proof of zero),['fallback:primary_candidate+serp'],[single_source]
127,C_not_flagged,Entity x04ef26bd95,993653553,auto,1,0.0,5.0,0.0,1600.0,0.0,29000.0,2024,2.1,4.1,0.0,0.3,true,false,false,too few reviews for the rating profile,[exact_name],[unverified]
128,D_insufficient_evidence,Entity x5bb8614701,964153531,auto,1,0.0,,,3600.0,0.0,1200.0,2023,2.0,,0.7,4.0,true,false,true,no VMI tax record (absence is not proof of zero),[exact_name],[unverified]
129,D_insufficient_evidence,Entity x940e6ad257,942622811,auto,1,100.0,4.0,,29000.0,0.0,,,1.9,,1.9,,false,true,true,no VMI tax record (absence is not proof of zero),[exact_name],[unverified]
130,C_not_flagged,Entity x5c7b1f66bc,977559545,nightlife,1,90.0,3.5,3200.0,42000.0,0.5,87000.0,2024,1.9,2.6,1.5,1.0,false,false,true,not visibly busy vs category (1194+ reviews needed),['fallback:vmvt'],[single_source]
131,C_not_flagged,Entity x92a4798f14,911711869,auto,1,0.0,,1100.0,12000.0,1.0,9000.0,2024,1.9,2.3,0.7,2.6,false,false,true,too few reviews for the rating profile,[exact_name],[unverified]
132,C_not_flagged,Entity xa28eff44a4,951744276,auto,1,10.0,4.0,3400.0,27000.0,1.0,19000.0,2024,1.9,2.1,1.1,2.5,false,false,false,too few reviews for the rating profile,[exact_name],[unverified]
133,D_insufficient_evidence,Entity x35ece004d1,986966219,nightlife,1,0.0,,,36000.0,0.0,88000.0,2023,1.8,,2.2,1.3,false,false,true,no VMI tax record (absence is not proof of zero),[exact_name],[unverified]
134,D_insufficient_evidence,Entity x8f1aa2ca47,963087134,auto,2,10.0,5.0,,27000.0,0.0,,,1.8,,1.8,,false,true,true,no VMI tax record (absence is not proof of zero),[core_name+activity],[unverified]
134,D_insufficient_evidence,Entity x84c38ca0d0,912838414,auto,1,10.0,4.0,,27000.0,0.0,,,1.8,,1.8,,false,true,true,no VMI tax record (absence is not proof of zero),[exact_name],[unverified]
134,D_insufficient_evidence,Entity xd25cdb42e9,957419531,auto,1,0.0,4.0,,27000.0,0.0,,,1.8,,1.8,,false,false,true,no VMI tax record (absence is not proof of zero),[exact_name],[confirmed]
134,D_insufficient_evidence,Entity x009791bd05,985145627,auto,1,10.0,4.0,,27000.0,0.0,,,1.8,,1.8,,false,true,true,no VMI tax record (absence is not proof of zero),[exact_name],[unverified]
134,D_insufficient_evidence,Entity xea39e8a7bf,937343195,auto,2,10.0,4.5,,27000.0,0.0,,,1.8,,1.8,,false,true,true,no VMI tax record (absence is not proof of zero),[exact_name],[unverified]
139,C_not_flagged,Entity x5996cf025d,953005200,auto,1,0.0,5.0,600.0,12000.0,1.0,53000.0,2024,1.8,2.9,0.7,0.8,false,false,false,too few reviews for the rating profile,[exact_name],[unverified]
140,C_not_flagged,Entity x86a4bf326b,940511204,nightlife,1,100.0,4.5,4200.0,56000.0,4.5,,,1.8,2.6,0.5,,false,false,false,not visibly busy vs category (470+ reviews needed),['fallback:primary_candidate+vmvt'],[single_source]
141,C_not_flagged,Entity x3cdcaa15de,944031638,hair_beauty,1,50.0,5.0,300.0,3200.0,1.0,5300.0,2024,1.8,2.4,0.4,2.2,true,false,true,too few reviews for the rating profile,[exact_name],[unverified]
142,C_not_flagged,Entity x3e0cb4f710,996620254,auto,1,10.0,4.5,2400.0,27000.0,2.0,41000.0,2024,1.8,2.4,0.7,1.7,false,false,false,too few reviews for the rating profile,[exact_name],[unverified]
143,C_not_flagged,Entity x5f462d688f,914176563,auto,1,0.0,,1000.0,12000.0,1.0,28000.0,2025,1.7,2.5,0.7,1.5,false,false,false,too few reviews for the rating profile,[exact_name],[unverified]
144,C_not_flagged,Entity x66eaa0956e,902528222,auto,2,10.0,4.5,100.0,1600.0,0.0,8200.0,2024,1.7,2.8,0.0,1.6,true,false,false,too few reviews for the rating profile,['fallback:primary_candidate+website'],[single_source]
145,C_not_flagged,Entity x2b542fd4ec,979730683,nightlife,1,0.0,,4100.0,36000.0,3.0,42000.0,2024,1.7,2.2,0.8,2.0,false,false,false,too few reviews for the rating profile,['fallback:vmvt'],[single_source]
145,C_not_flagged,Entity x2467d817e3,925675709,auto,1,30.0,4.5,1700.0,19000.0,2.0,27000.0,2025,1.7,2.4,0.6,1.8,false,false,true,too few reviews for the rating profile,[exact_name],[unverified]
147,D_insufficient_evidence,Entity x516e7c420c,972955809,auto,1,0.0,,,12000.0,1.0,4500.0,2023,1.7,,0.7,3.3,true,false,false,no VMI tax record (absence is not proof of zero),['fallback:primary_candidate+website'],[single_source]
148,C_not_flagged,Entity xe28364cd88,959784586,nightlife,1,100.0,4.5,3700.0,39000.0,3.5,,,1.7,2.4,0.6,,false,false,false,not visibly busy vs category (470+ reviews needed),['fallback:vmvt'],[single_source]
149,C_not_flagged,Entity xa78557958a,941907009,auto,1,0.0,5.0,1500.0,12000.0,1.0,12000.0,2024,1.7,2.0,0.8,2.3,false,false,false,too few reviews for the rating profile,[exact_name],[confirmed]
150,C_not_flagged,Entity x077f90250b,960587816,nightlife,1,400.0,4.5,800.0,14000.0,1.0,44000.0,2024,1.7,2.9,0.2,1.1,false,false,true,not visibly busy vs category (470+ reviews needed),[core_name+activity],[confirmed]
151,C_not_flagged,Entity x31cdedcc43,927643598,nightlife,1,250.0,4.0,4700.0,42000.0,2.0,,,1.7,2.2,0.9,,false,false,false,not visibly busy vs category (470+ reviews needed),['fallback:vmvt'],[single_source]
152,C_not_flagged,Entity x22258891dd,900395158,nightlife,1,150.0,5.0,6900.0,56000.0,2.5,,,1.7,2.1,1.0,,false,false,false,not visibly busy vs category (1194+ reviews needed),['fallback:primary_candidate+vmvt+website'],[confirmed]
153,C_not_flagged,Entity xc535b2a8f5,921355811,auto,1,0.0,2.5,600.0,12000.0,3.0,45000.0,2024,1.7,2.9,0.0,1.0,false,false,true,too few reviews for the rating profile,[exact_name],[unverified]
154,C_not_flagged,Entity x33c2694f24,983466256,auto,1,10.0,4.0,4500.0,27000.0,2.0,16000.0,2024,1.6,1.8,0.7,2.7,false,false,false,too few reviews for the rating profile,['fallback:listing_url+primary_candidate'],[single_source]
155,D_insufficient_evidence,Entity x8cd7e6ec34,920096989,auto,1,70.0,5.0,,25000.0,0.0,,,1.6,,1.6,,false,false,true,entity younger than 12 months,[core_name+address],[confirmed_by_audit]
156,C_not_flagged,Entity x4ae5799faf,948474582,auto,1,150.0,5.0,7600.0,66000.0,4.0,80000.0,2024,1.6,2.2,0.5,2.0,false,false,false,not visibly busy vs category (176+ reviews needed),[exact_name],[confirmed]
157,C_not_flagged,Entity x1832cc08d7,950562946,auto,1,0.0,,200.0,3600.0,0.5,82000.0,2024,1.6,3.1,0.4,-0.2,true,false,false,too few reviews for the rating profile,[exact_name],[confirmed]
158,C_not_flagged,Entity x3fc220ef60,908764055,auto,1,40.0,5.0,1900.0,19000.0,1.5,44000.0,2024,1.6,2.3,0.7,1.3,false,false,true,too few reviews for the rating profile,[exact_name],[unverified]
159,C_not_flagged,Entity x0feb119c58,987190097,auto,1,30.0,5.0,1600.0,19000.0,3.0,39000.0,2024,1.6,2.5,0.3,1.4,false,false,true,too few reviews for the rating profile,[core_name+activity],[unverified]
159,C_not_flagged,Entity x731d1b23c9,946575923,nightlife,1,40.0,5.0,4400.0,42000.0,2.0,74000.0,2024,1.6,2.3,0.9,1.1,false,false,false,too few reviews for the rating profile,['fallback:primary_candidate+vmvt'],[single_source]
161,C_not_flagged,Entity x575708f458,924002548,nightlife,1,150.0,4.0,3300.0,28000.0,1.5,60000.0,2024,1.6,2.1,0.9,1.3,false,false,false,not visibly busy vs category (470+ reviews needed),[core_name+address],[confirmed_by_audit]
162,C_not_flagged,Entity x7d1d105063,981227453,nightlife,1,100.0,5.0,5700.0,28000.0,0.5,40000.0,2024,1.6,1.6,1.4,1.7,false,false,false,not visibly busy vs category (1194+ reviews needed),[core_name+activity],[unverified]
163,C_not_flagged,Entity xf53f167a74,908868820,hair_beauty,1,20.0,5.0,100.0,1100.0,0.0,9800.0,2025,1.6,2.6,0.0,1.3,true,false,false,too few reviews for the rating profile,[exact_name],[unverified]
164,C_not_flagged,Entity x5b809a79d0,905616077,nightlife,1,90.0,4.5,14000.0,39000.0,10.5,4800.0,2024,1.5,1.1,0.6,4.1,true,false,false,not visibly busy vs category (470+ reviews needed),['fallback:vmvt'],[single_source]
165,C_not_flagged,Entity x6abd35eff9,986282501,hair_beauty,1,10.0,5.0,100.0,1100.0,0.0,25000.0,2024,1.5,2.9,0.0,0.3,true,false,false,too few reviews for the rating profile,[core_name+address],[unverified]
166,C_not_flagged,Entity x36a337d962,944562483,auto,1,50.0,4.0,5800.0,29000.0,1.0,,,1.5,1.6,1.3,,false,true,true,not visibly busy vs category (65+ reviews needed),[exact_name],[unverified]
167,C_not_flagged,Entity x45bf72a280,964322532,auto,1,0.0,,600.0,12000.0,0.5,518000.0,2023,1.5,3.0,1.0,-1.5,false,false,true,too few reviews for the rating profile,[exact_name],[unverified]
168,C_not_flagged,Entity x07f702b563,983758375,auto,1,60.0,5.0,4800.0,29000.0,3.0,39000.0,2024,1.5,1.8,0.6,2.0,false,false,false,too few reviews for the rating profile,['fallback:website'],[confirmed_by_audit]
169,C_not_flagged,Entity xcff2af8278,933598465,hair_beauty,1,0.0,4.0,0.0,500.0,0.0,,,1.5,2.3,0.0,,true,false,false,too few reviews for the rating profile,[exact_name+address],[unverified]
169,C_not_flagged,Entity x8f4398e630,990803339,auto,1,60.0,4.5,4600.0,29000.0,2.0,72000.0,2024,1.5,1.9,0.8,1.4,false,false,false,not visibly busy vs category (65+ reviews needed),[exact_name],[unverified]
171,C_not_flagged,Entity xe9937bfa2c,949457200,auto,1,20.0,4.0,3000.0,27000.0,3.5,71000.0,2024,1.5,2.2,0.4,1.2,false,false,true,too few reviews for the rating profile,[exact_name],[unverified]
172,C_not_flagged,Entity x1d165d0172,986862058,auto,1,40.0,5.0,4800.0,29000.0,2.5,50000.0,2024,1.5,1.8,0.6,1.8,false,false,false,too few reviews for the rating profile,[exact_name],[confirmed]
173,C_not_flagged,Entity x1f128b11ad,903063886,auto,1,10.0,5.0,4900.0,27000.0,1.0,71000.0,2024,1.4,1.7,1.1,1.2,false,false,false,too few reviews for the rating profile,[exact_name],[unverified]
174,C_not_flagged,Entity x14345921e0,966247409,auto,1,0.0,,400.0,3600.0,1.0,12000.0,2024,1.4,2.2,0.0,1.7,true,false,true,too few reviews for the rating profile,[exact_name],[unverified]
175,C_not_flagged,Entity x817e25e273,901460032,auto,1,0.0,3.0,1800.0,12000.0,1.0,,,1.4,1.9,0.7,,false,true,false,too few reviews for the rating profile,[exact_name],[unverified]
176,C_not_flagged,Entity x1923449ce7,965683443,nightlife,1,80.0,4.5,1500.0,14000.0,1.5,,,1.4,2.3,0.0,,false,false,false,not visibly busy vs category (470+ reviews needed),[core_name+activity],[confirmed]
177,D_insufficient_evidence,Entity x37975fde93,988011576,auto,1,0.0,,,12000.0,0.0,,,1.4,,1.4,,false,true,true,no VMI tax record (absence is not proof of zero),[exact_name],[confirmed]
177,D_insufficient_evidence,Entity x98f4aa1ccd,993456454,auto,1,0.0,,,12000.0,0.0,,,1.4,,1.4,,false,true,true,no VMI tax record (absence is not proof of zero),[exact_name],[unverified]
177,D_insufficient_evidence,Entity xaa1dff52a0,914378750,auto,1,0.0,3.5,,12000.0,0.0,,,1.4,,1.4,,false,true,true,no VMI tax record (absence is not proof of zero),[exact_name+address],[unverified]
180,C_not_flagged,Entity xb34a470afa,900853564,nightlife,1,300.0,4.5,8400.0,42000.0,1.5,68000.0,2024,1.4,1.6,1.1,1.2,false,false,false,not visibly busy vs category (470+ reviews needed),['fallback:job_ads+primary_candidate+vmvt'],[confirmed_by_audit]
181,C_not_flagged,Entity xf72de562a6,994036681,nightlife,1,60.0,5.0,8700.0,42000.0,1.0,84000.0,2024,1.4,1.6,1.2,1.0,false,false,true,too few reviews for the rating profile,[core_name+address],[conflict]
182,C_not_flagged,Entity x19c6ff9b54,982588745,auto,1,40.0,4.5,18000.0,66000.0,6.5,152000.0,2024,1.3,1.3,1.3,1.4,false,false,false,not visibly busy vs category (65+ reviews needed),[exact_name],[unverified]
183,C_not_flagged,Entity x4a22567633,939930616,nightlife,1,60.0,4.5,9700.0,42000.0,2.5,42000.0,2024,1.3,1.5,0.8,1.7,false,false,false,not visibly busy vs category (470+ reviews needed),[address_only],[confirmed]
184,C_not_flagged,Entity xe2f398333e,958425459,auto,1,40.0,3.5,3800.0,19000.0,1.0,57000.0,2024,1.3,1.6,1.0,1.0,false,false,false,too few reviews for the rating profile,[exact_name],[unverified]
185,C_not_flagged,Entity x938888935e,916194757,nightlife,1,20.0,5.0,9900.0,36000.0,1.5,86000.0,2024,1.3,1.3,1.3,1.3,false,false,false,too few reviews for the rating profile,[core_name+activity],[confirmed_by_audit]
186,C_not_flagged,Entity x815e70a597,916809371,hair_beauty,1,20.0,5.0,200.0,1300.0,1.0,9400.0,2024,1.3,2.0,0.3,0.8,true,false,false,too few reviews for the rating profile,[exact_name],[unverified]
187,C_not_flagged,Entity x70733803c5,963321156,auto,1,20.0,4.0,7300.0,29000.0,3.0,37000.0,2024,1.3,1.4,0.5,2.1,false,false,false,too few reviews for the rating profile,[exact_name],[unverified]
188,C_not_flagged,Entity x38d28d1cc4,961760277,auto,1,10.0,4.5,500.0,2200.0,0.0,5300.0,2024,1.3,1.6,0.0,2.4,true,false,true,too few reviews for the rating profile,['fallback:website'],[single_source]
189,C_not_flagged,Entity x6ee6443825,966063631,auto,1,100.0,5.0,21000.0,66000.0,5.0,171000.0,2024,1.2,1.1,1.5,1.2,false,false,false,not visibly busy vs category (176+ reviews needed),[exact_name],[unverified]
190,C_not_flagged,Entity x7c771f661f,969738888,auto,1,10.0,4.5,6600.0,27000.0,2.0,59000.0,2024,1.2,1.4,0.8,1.4,false,false,false,too few reviews for the rating profile,[exact_name],[unverified]
191,C_not_flagged,Entity x6e49364747,922309019,auto,1,0.0,5.0,6000.0,27000.0,1.0,119000.0,2024,1.2,1.5,1.1,0.7,false,false,false,too few reviews for the rating profile,['fallback:website'],[single_source]
192,D_insufficient_evidence,Entity x3d767b3134,982257561,hair_beauty,1,200.0,4.5,,14000.0,0.0,,,1.2,,1.2,,false,true,true,entity younger than 12 months,[exact_name],[unverified]
192,D_insufficient_evidence,Entity xfe0fbc1ce4,933974612,hair_beauty,4,300.0,3.5,,14000.0,0.0,,,1.2,,1.2,,false,true,true,no VMI tax record (absence is not proof of zero),[core_name+activity],[unverified]
194,C_not_flagged,Entity x9295ece7ae,922388886,auto,1,150.0,5.0,20000.0,66000.0,5.0,177000.0,2025,1.2,1.2,1.3,1.2,false,false,false,not visibly busy vs category (176+ reviews needed),[exact_name],[unverified]
195,D_insufficient_evidence,Entity x7b414443ce,948385129,hair_beauty,1,0.0,,,1500.0,0.0,4900.0,2024,1.2,,0.8,1.9,true,false,false,no VMI tax record (absence is not proof of zero),[exact_name],[unverified]
196,C_not_flagged,Entity x4d9194b0ac,960203257,auto,1,0.0,4.5,200.0,1600.0,0.0,24000.0,2024,1.2,2.2,0.0,0.5,true,false,false,too few reviews for the rating profile,[core_name+activity],[unverified]
197,C_not_flagged,Entity xf9856b2c2d,924023883,auto,1,40.0,4.5,7500.0,29000.0,3.0,58000.0,2024,1.2,1.4,0.6,1.6,false,false,false,not visibly busy vs category (65+ reviews needed),[exact_name],[unverified]
198,C_not_flagged,Entity xf75f45eaf7,966980363,hair_beauty,1,40.0,4.5,700.0,2900.0,1.0,7800.0,2024,1.2,1.4,0.4,1.6,false,false,false,not visibly busy vs category (49+ reviews needed),[exact_name],[unverified]
199,C_not_flagged,Entity x35cc02f672,939306061,hair_beauty,1,10.0,4.5,300.0,1100.0,0.0,3400.0,2024,1.1,1.4,0.0,2.3,true,false,false,too few reviews for the rating profile,[exact_name+address],[unverified]
200,C_not_flagged,Entity x3dd0da363c,923479342,auto,1,0.0,,500.0,3600.0,1.0,43000.0,2024,1.1,2.0,0.0,0.5,true,false,true,too few reviews for the rating profile,[exact_name],[unverified]
201,D_insufficient_evidence,Entity x953f8a26bc,933272684,hair_beauty,1,90.0,4.5,,3200.0,0.0,,,1.1,,1.1,,false,false,true,no VMI tax record (absence is not proof of zero),[exact_name],[unverified]
202,C_not_flagged,Entity x20b5e6e0b5,934655540,nightlife,1,90.0,4.0,7000.0,28000.0,2.0,,,1.1,1.4,0.6,,false,false,false,not visibly busy vs category (470+ reviews needed),[exact_name],[confirmed]
203,C_not_flagged,Entity xa977d58456,948422323,nightlife,1,200.0,4.5,24000.0,56000.0,10.5,17000.0,2024,1.1,0.8,0.1,3.2,false,false,false,not visibly busy vs category (470+ reviews needed),[exact_name],[confirmed]
204,C_not_flagged,Entity xaacc7a6a5d,903841350,nightlife,1,550.0,4.0,36000.0,90000.0,9.5,215000.0,2024,1.1,0.9,1.1,1.5,false,false,false,taxes in line with peers,[core_name+address],[confirmed]
205,C_not_flagged,Entity x58ee50f96c,983984190,nightlife,1,2000.0,4.5,46000.0,90000.0,5.0,248000.0,2024,1.1,0.7,1.5,1.3,false,false,false,taxes in line with peers,[address_only],[confirmed]
206,C_not_flagged,Entity xf462953e70,947869473,auto,1,50.0,4.5,5400.0,19000.0,2.0,42000.0,2024,1.1,1.3,0.6,1.4,false,false,false,not visibly busy vs category (65+ reviews needed),[exact_name],[confirmed]
207,D_insufficient_evidence,Entity x1d8177ca18,997720062,hair_beauty,1,80.0,4.5,,2900.0,0.0,,,1.1,,1.1,,false,false,true,no VMI tax record (absence is not proof of zero),[address_only],[unverified]
207,C_not_flagged,Entity x8b45f59f4b,989861760,auto,1,70.0,5.0,18000.0,66000.0,3.0,253000.0,2024,1.1,1.3,0.8,0.8,false,false,false,too few reviews for the rating profile,[exact_name],[unverified]
209,C_not_flagged,Entity x3246f8b184,901482842,hair_beauty,1,30.0,5.0,400.0,2900.0,1.0,38000.0,2024,1.0,1.9,0.3,0.0,true,true,false,too few reviews for the rating profile,['fallback:website'],[single_source]
210,C_not_flagged,Entity xd4cc46bacb,925063894,auto,1,10.0,5.0,7000.0,27000.0,2.0,113000.0,2024,1.0,1.4,0.7,0.7,false,false,false,too few reviews for the rating profile,[exact_name],[confirmed]
211,C_not_flagged,Entity x258420241c,905148241,hair_beauty,1,20.0,3.5,700.0,3200.0,2.0,,,1.0,1.6,0.1,,false,false,true,too few reviews for the rating profile,[address_only],[unverified]
212,C_not_flagged,Entity x59ecd3db67,901525421,auto,1,10.0,3.5,7900.0,27000.0,2.5,91000.0,2024,1.0,1.2,0.6,0.9,false,false,false,too few reviews for the rating profile,[exact_name],[confirmed]
213,C_not_flagged,Entity x981ab2837c,931533249,auto,1,100.0,4.5,10000.0,29000.0,5.0,79000.0,2024,1.0,1.1,0.6,1.3,false,false,false,taxes in line with peers,[exact_name],[unverified]
214,C_not_flagged,Entity xd9fe999180,921370261,auto,1,0.0,,3000.0,12000.0,2.0,37000.0,2024,1.0,1.3,0.3,1.2,false,false,false,too few reviews for the rating profile,[core_name+address],[unverified]
215,C_not_flagged,Entity xc576465a7c,977148077,auto,1,50.0,4.0,4200.0,19000.0,5.0,44000.0,2024,1.0,1.5,-0.1,1.3,false,false,false,not visibly busy vs category (65+ reviews needed),['fallback:website'],[single_source]
216,C_not_flagged,Entity xd9c55bf8c4,974814601,auto,1,60.0,5.0,11000.0,29000.0,3.0,71000.0,2024,1.0,1.0,0.5,1.4,false,false,false,too few reviews for the rating profile,['fallback:primary_candidate+website'],[single_source]
217,C_not_flagged,Entity x9461d76a21,946795373,auto,1,10.0,5.0,9500.0,27000.0,2.0,78000.0,2023,1.0,1.1,0.7,1.1,false,false,false,too few reviews for the rating profile,[exact_name],[unverified]
218,C_not_flagged,Entity x68cc45cb19,953555296,nightlife,1,600.0,5.0,47000.0,90000.0,3.5,321000.0,2024,1.0,0.7,1.4,1.1,false,false,false,not visibly busy vs category (1194+ reviews needed),[exact_name],[confirmed]
219,C_not_flagged,Entity xd4e3e15272,902941500,auto,1,10.0,3.5,4500.0,27000.0,6.0,275000.0,2024,1.0,1.8,0.3,-0.2,false,false,false,too few reviews for the rating profile,[core_name+activity],[unverified]
220,C_not_flagged,Entity x1d4c3fbb0b,923942790,auto,1,0.0,5.0,2400.0,12000.0,2.0,78000.0,2024,1.0,1.6,0.3,0.4,false,false,false,too few reviews for the rating profile,[exact_name],[unverified]
221,C_not_flagged,Entity xc0146ea227,987999613,auto,1,70.0,3.5,53000.0,66000.0,0.5,107000.0,2024,0.9,0.2,1.7,1.7,false,true,false,too few reviews for the rating profile,[exact_name],[unverified]
222,C_not_flagged,Entity xd8ca351ffe,986282572,auto,1,30.0,4.5,5900.0,19000.0,2.0,59000.0,2024,0.9,1.2,0.5,1.0,false,false,false,not visibly busy vs category (65+ reviews needed),[exact_name],[confirmed]
223,C_not_flagged,Entity xc59e518bf3,963631078,auto,1,50.0,4.0,9700.0,29000.0,3.5,78000.0,2024,0.9,1.1,0.4,1.3,false,false,false,not visibly busy vs category (65+ reviews needed),[exact_name],[confirmed]
224,C_not_flagged,Entity xe320cf7e6e,959628229,auto,1,60.0,3.5,9700.0,25000.0,3.0,40000.0,2024,0.9,1.0,0.3,1.8,false,false,false,not visibly busy vs category (65+ reviews needed),[exact_name],[unverified]
225,C_not_flagged,Entity xa6a696b78b,923393064,auto,1,20.0,4.0,900.0,5500.0,0.0,68000.0,2024,0.9,1.9,0.0,0.0,false,false,false,too few reviews for the rating profile,[exact_name],[unverified]
226,C_not_flagged,Entity x102a060b10,976059306,auto,1,0.0,,3500.0,12000.0,2.0,38000.0,2024,0.9,1.2,0.3,1.2,false,false,true,too few reviews for the rating profile,[exact_name],[confirmed]
227,C_not_flagged,Entity xdae36dcec9,934699918,auto,1,150.0,4.0,29000.0,66000.0,8.0,200000.0,2024,0.9,0.8,0.9,1.1,false,false,false,taxes in line with peers,[exact_name+address],[confirmed]
228,C_not_flagged,Entity xb81069c5a0,933546799,hair_beauty,1,0.0,,100.0,500.0,0.0,43000.0,2024,0.9,1.8,0.0,0.0,true,false,false,too few reviews for the rating profile,[exact_name],[confirmed]
229,C_not_flagged,Entity x63984d7d4a,986235442,auto,1,0.0,5.0,300.0,1600.0,1.0,,,0.9,1.8,-0.6,,true,false,false,too few reviews for the rating profile,[exact_name],[unverified]
230,C_not_flagged,Entity xb2cc2c36e3,984867271,hair_beauty,1,0.0,5.0,600.0,1500.0,1.0,4600.0,2024,0.9,0.9,0.2,1.9,true,false,false,too few reviews for the rating profile,[exact_name],[unverified]
231,C_not_flagged,Entity xeaf5826d57,976091081,auto,1,50.0,5.0,500.0,2200.0,1.5,15000.0,2024,0.9,1.5,-0.4,1.3,true,false,true,too few reviews for the rating profile,['fallback:website'],[single_source]
232,C_not_flagged,Entity x088c86e330,951479663,auto,1,0.0,5.0,13000.0,27000.0,2.5,50000.0,2024,0.9,0.7,0.6,1.5,false,false,false,too few reviews for the rating profile,[exact_name],[unverified]
233,C_not_flagged,Entity xd39ee0058b,916753267,auto,1,40.0,5.0,5100.0,19000.0,3.0,92000.0,2024,0.9,1.3,0.3,0.6,false,false,false,too few reviews for the rating profile,['fallback:primary_candidate+serp'],[single_source]
234,C_not_flagged,Entity xf5d477b313,990096439,auto,1,90.0,5.0,1500.0,5500.0,0.0,24000.0,2024,0.9,1.3,0.0,1.0,false,false,true,not visibly busy vs category (176+ reviews needed),['fallback:website'],[single_source]
235,C_not_flagged,Entity x8dbe4ba0fd,952144589,nightlife,1,1500.0,4.5,61000.0,90000.0,14.5,503000.0,2023,0.9,0.4,1.8,0.6,false,false,false,taxes in line with peers,['fallback:vmvt'],[single_source]
236,D_insufficient_evidence,Entity x994bbd793f,980436948,hair_beauty,1,10.0,4.5,,1500.0,0.0,,,0.8,,0.8,,false,true,false,no VMI tax record (absence is not proof of zero),[exact_name],[unverified]
237,C_not_flagged,Entity xc08958ed99,935018945,auto,1,10.0,4.5,12000.0,27000.0,2.0,90000.0,2024,0.8,0.8,0.8,1.0,false,false,false,too few reviews for the rating profile,[exact_name],[unverified]
238,C_not_flagged,Entity x59b4719457,934532424,auto,1,10.0,3.5,13000.0,27000.0,2.0,63000.0,2024,0.8,0.7,0.7,1.3,false,false,false,too few reviews for the rating profile,[exact_name],[unverified]
239,C_not_flagged,Entity x92e5de6fa3,977024392,auto,1,500.0,4.5,38000.0,66000.0,6.5,125000.0,2024,0.8,0.5,0.9,1.5,false,false,false,taxes in line with peers,['fallback:job_ads'],[brand_level_only]
239,C_not_flagged,Entity xdad3104d6c,946464172,auto,1,20.0,4.0,15000.0,29000.0,4.0,45000.0,2024,0.8,0.7,0.4,1.9,false,false,false,too few reviews for the rating profile,['fallback:website'],[single_source]
241,C_not_flagged,Entity x77f5ef5ca2,966518272,nightlife,1,950.0,4.5,21000.0,56000.0,7.0,228000.0,2024,0.8,1.0,0.8,0.6,false,false,false,taxes in line with peers,['fallback:primary_candidate+vmvt'],[single_source]
242,C_not_flagged,Entity x9e283c4d5a,947582769,auto,1,250.0,4.0,34000.0,66000.0,4.5,294000.0,2024,0.8,0.7,1.2,0.7,false,false,false,taxes in line with peers,[core_name+activity],[confirmed]
243,C_not_flagged,Entity x766864e9fb,941732163,auto,1,0.0,3.0,3500.0,12000.0,2.0,58000.0,2024,0.8,1.2,0.3,0.7,false,false,false,too few reviews for the rating profile,[exact_name],[confirmed]
244,C_not_flagged,Entity xaee7abca1e,942828357,nightlife,1,350.0,4.5,22000.0,39000.0,3.0,67000.0,2024,0.8,0.6,0.7,1.5,false,false,false,not visibly busy vs category (470+ reviews needed),[analyst_override],[confirmed_by_audit]
245,C_not_flagged,Entity xa3fd1b3c89,979005549,hair_beauty,1,20.0,4.5,300.0,1100.0,0.0,24000.0,2024,0.8,1.5,0.0,0.3,true,false,false,too few reviews for the rating profile,[exact_name],[unverified]
246,C_not_flagged,Entity x713db4ecf2,942371288,nightlife,1,40.0,3.5,14000.0,36000.0,3.5,177000.0,2024,0.8,0.9,0.7,0.6,false,false,false,not visibly busy vs category (470+ reviews needed),[exact_name],[unverified]
247,C_not_flagged,Entity xd3d0b65e82,966305431,auto,1,20.0,3.5,6200.0,19000.0,2.5,107000.0,2024,0.8,1.1,0.5,0.4,false,false,false,too few reviews for the rating profile,[exact_name],[confirmed]
247,C_not_flagged,Entity x4d688bff5f,920706585,auto,1,50.0,4.5,800.0,2200.0,1.0,12000.0,2025,0.8,1.0,0.0,1.6,false,false,true,not visibly busy vs category (65+ reviews needed),[address_only],[confirmed_by_audit]
249,C_not_flagged,Entity x8597d63337,980236592,auto,3,200.0,4.5,12000.0,25000.0,1.0,100000.0,2024,0.8,0.7,0.9,0.9,false,false,false,taxes in line with peers,"[core_name+activity, exact_name+activity]","[confirmed, unverified]"
250,C_not_flagged,Entity x2ef12c08f5,960780658,hair_beauty,1,20.0,4.5,900.0,2900.0,1.0,24000.0,2024,0.8,1.1,0.4,0.5,false,false,false,too few reviews for the rating profile,[exact_name],[unverified]
251,D_insufficient_evidence,Entity x080b046cbe,911897875,auto,1,0.0,1.0,,12000.0,2.0,26000.0,2024,0.8,,0.3,1.5,false,false,true,no VMI tax record (absence is not proof of zero),[exact_name],[confirmed]
252,C_not_flagged,Entity x61fbe31ef5,975142588,nightlife,1,150.0,4.5,6000.0,14000.0,0.5,48000.0,2024,0.8,0.8,0.6,1.0,false,false,false,not visibly busy vs category (470+ reviews needed),[core_name+activity],[unverified]
253,D_insufficient_evidence,Entity xbefa4f535c,981964796,auto,1,20.0,4.0,,2200.0,0.0,19000.0,2023,0.8,,0.6,1.1,false,false,true,no VMI tax record (absence is not proof of zero),[exact_name],[unverified]
254,C_not_flagged,Entity x25690e206c,938799849,auto,1,0.0,5.0,4800.0,12000.0,1.0,66000.0,2024,0.8,0.9,0.7,0.6,false,false,false,too few reviews for the rating profile,['fallback:listing_url+primary_candidate'],[single_source]
255,C_not_flagged,Entity x011fc7b400,906076610,auto,1,10.0,3.0,9600.0,27000.0,7.5,182000.0,2024,0.8,1.1,0.6,0.2,false,false,false,too few reviews for the rating profile,[exact_name],[unverified]
256,C_not_flagged,Entity x810001e88a,932000114,nightlife,1,2000.0,4.5,55000.0,90000.0,7.0,370000.0,2024,0.7,0.5,1.0,0.9,false,false,false,taxes in line with peers,['fallback:vmvt'],[single_source]
257,C_not_flagged,Entity x281cc58756,938176277,auto,2,80.0,4.0,14000.0,29000.0,5.5,123000.0,2024,0.7,0.7,0.6,0.9,false,false,false,taxes in line with peers,"[core_name+activity, 'fallback:primary_candidate+website']","[single_source, confirmed]"
258,C_not_flagged,Entity x549b09b6b1,959632021,hair_beauty,1,0.0,4.0,200.0,500.0,0.0,,,0.7,1.1,0.0,,true,false,false,too few reviews for the rating profile,[address_only],[confirmed_by_audit]
259,C_not_flagged,Entity x8bc89ad355,907261380,hair_beauty,1,10.0,5.0,400.0,1300.0,2.0,9800.0,2024,0.7,1.1,-0.1,0.8,true,false,false,too few reviews for the rating profile,[exact_name],[unverified]
260,C_not_flagged,Entity x8a3fb4ffb4,924229565,nightlife,1,20.0,5.0,31000.0,36000.0,10.5,165000.0,2024,0.7,0.2,1.6,0.6,false,false,false,too few reviews for the rating profile,[exact_name],[unverified]
261,C_not_flagged,Entity x64ed3a8046,951512024,hair_beauty,1,70.0,5.0,6300.0,14000.0,1.0,45000.0,2024,0.7,0.8,0.5,0.8,false,false,true,too few reviews for the rating profile,[exact_name],[unverified]
262,C_not_flagged,Entity xc28d3a8869,928195613,auto,1,0.0,5.0,1500.0,3600.0,0.0,18000.0,2024,0.7,0.9,0.0,1.3,false,false,false,too few reviews for the rating profile,['fallback:listing_url+primary_candidate'],[single_source]
263,D_insufficient_evidence,Entity x5de65513d9,951225406,auto,1,0.0,,,3600.0,0.0,,,0.7,,0.7,,false,false,true,no VMI tax record (absence is not proof of zero),[exact_name+activity],[confirmed]
263,D_insufficient_evidence,Entity x971bea5dd2,951928352,auto,1,0.0,,,3600.0,0.0,,,0.7,,0.7,,false,false,false,entity younger than 12 months,[exact_name],[conflict]
263,D_insufficient_evidence,Entity x9ee5b545f6,925960466,auto,1,0.0,,,3600.0,0.0,,,0.7,,0.7,,false,false,true,entity younger than 12 months,[exact_name],[unverified]
263,D_insufficient_evidence,Entity xa8bdadf40f,920738552,auto,1,0.0,,,12000.0,1.0,,,0.7,,0.7,,false,false,true,no VMI tax record (absence is not proof of zero),[exact_name],[confirmed]
267,C_not_flagged,Entity x0135eec1bd,950568866,nightlife,1,350.0,4.5,17000.0,39000.0,4.5,167000.0,2024,0.7,0.9,0.4,0.6,false,false,false,not visibly busy vs category (470+ reviews needed),['fallback:vmvt'],[single_source]
267,C_not_flagged,Entity x743870f098,961806436,auto,1,10.0,3.0,900.0,1600.0,0.0,5900.0,2025,0.7,0.6,0.0,1.9,false,false,false,too few reviews for the rating profile,[exact_name],[unverified]
269,C_not_flagged,Entity xd4210fc3f3,963509266,auto,1,50.0,3.5,7900.0,19000.0,6.0,78000.0,2024,0.7,0.9,0.3,0.7,false,false,false,not visibly busy vs category (65+ reviews needed),[exact_name],[confirmed]
270,C_not_flagged,Entity x8e711e6056,992078632,hair_beauty,1,50.0,4.5,900.0,2900.0,2.0,25000.0,2024,0.7,1.2,0.0,0.4,false,false,false,not visibly busy vs category (49+ reviews needed),[core_name+activity],[unverified]
271,C_not_flagged,Entity x68afa15fdc,935979576,auto,1,100.0,4.5,45000.0,66000.0,7.0,224000.0,2024,0.7,0.4,0.9,1.0,false,false,false,taxes in line with peers,[exact_name],[unverified]
272,C_not_flagged,Entity xe0bf330e02,999931460,auto,1,0.0,,4800.0,12000.0,3.0,43000.0,2024,0.7,0.9,0.1,1.0,false,false,false,too few reviews for the rating profile,['fallback:primary_candidate+serp'],[single_source]
273,C_not_flagged,Entity xf8f809695f,993478442,auto,1,30.0,5.0,8800.0,19000.0,2.0,90000.0,2024,0.7,0.8,0.5,0.6,false,false,false,too few reviews for the rating profile,[exact_name],[unverified]
274,C_not_flagged,Entity x39152164ca,917350135,hair_beauty,1,50.0,4.5,1100.0,2900.0,2.0,17000.0,2024,0.7,1.0,0.0,0.8,false,false,false,taxes in line with peers,[exact_name],[unverified]
275,C_not_flagged,Entity xa7b958ce9c,900723739,hair_beauty,1,0.0,3.0,600.0,1500.0,2.0,7400.0,2024,0.6,0.9,-0.3,1.5,false,false,false,too few reviews for the rating profile,[exact_name],[confirmed]
276,C_not_flagged,Entity x3bde486727,983498493,auto,1,40.0,4.5,7000.0,19000.0,3.0,120000.0,2024,0.6,1.0,0.3,0.3,false,false,false,not visibly busy vs category (65+ reviews needed),[address_only],[unverified]
277,C_not_flagged,Entity x371e14b0eb,935685430,auto,1,30.0,5.0,9900.0,19000.0,2.0,80000.0,2024,0.6,0.7,0.6,0.7,false,false,false,too few reviews for the rating profile,['fallback:website'],[single_source]
278,C_not_flagged,Entity x2378ff4c28,986228778,auto,1,0.0,,6600.0,12000.0,5.0,47000.0,2024,0.6,0.6,0.6,0.9,false,false,false,too few reviews for the rating profile,[exact_name],[unverified]
279,C_not_flagged,Entity xbeffef6a96,942677883,nightlife,1,250.0,4.5,28000.0,42000.0,4.5,198000.0,2024,0.6,0.4,1.3,0.1,false,false,false,not visibly busy vs category (470+ reviews needed),['fallback:serp'],[single_source]
279,C_not_flagged,Entity xc1b624cce1,945615414,auto,1,100.0,5.0,36000.0,66000.0,4.0,267000.0,2024,0.6,0.6,0.5,0.8,false,false,false,not visibly busy vs category (176+ reviews needed),[exact_name],[unverified]
281,C_not_flagged,Entity xb5dd643f2c,974261640,nightlife,1,30.0,5.0,14000.0,36000.0,8.0,169000.0,2024,0.6,1.0,0.0,0.6,false,false,false,too few reviews for the rating profile,['fallback:vmvt'],[single_source]
282,C_not_flagged,Entity x2b7a1077c2,962288526,auto,1,70.0,5.0,15000.0,29000.0,3.0,169000.0,2024,0.6,0.7,0.6,0.6,false,false,false,too few reviews for the rating profile,[core_name+address],[confirmed_by_audit]
283,C_not_flagged,Entity xbae9214323,948194509,auto,1,40.0,4.5,15000.0,29000.0,5.0,177000.0,2024,0.6,0.7,0.6,0.5,false,false,false,not visibly busy vs category (65+ reviews needed),[exact_name],[unverified]
284,C_not_flagged,Entity x04ddfc203f,964255418,auto,1,200.0,4.5,64000.0,66000.0,6.0,110000.0,2024,0.6,0.0,0.8,1.7,false,false,false,taxes in line with peers,[exact_name],[confirmed]
285,C_not_flagged,Entity x7d18476da8,931055936,auto,1,100.0,4.0,19000.0,29000.0,5.5,168000.0,2024,0.6,0.4,0.9,0.6,false,false,false,taxes in line with peers,[exact_name],[confirmed]
286,C_not_flagged,Entity x660c067f1e,934634861,auto,1,10.0,4.5,12000.0,27000.0,4.0,122000.0,2024,0.6,0.8,0.3,0.7,false,false,false,too few reviews for the rating profile,[exact_name],[unverified]
287,C_not_flagged,Entity x6205627b4f,966606958,hair_beauty,1,70.0,5.0,900.0,3200.0,1.0,100000.0,2024,0.6,1.2,0.4,-0.7,false,false,false,too few reviews for the rating profile,[exact_name],[unverified]
288,C_not_flagged,Entity x4187d40d24,934021578,nightlife,1,90.0,5.0,25000.0,42000.0,6.5,184000.0,2024,0.6,0.5,1.0,0.2,false,false,false,not visibly busy vs category (1194+ reviews needed),['fallback:vmvt'],[single_source]
289,C_not_flagged,Entity x8369c74546,938010659,auto,2,200.0,4.5,50000.0,66000.0,6.5,260000.0,2024,0.6,0.3,0.9,0.8,false,false,false,taxes in line with peers,[exact_name],[confirmed]
290,C_not_flagged,Entity x9dd49db0e0,904242232,auto,1,100.0,4.5,18000.0,29000.0,6.0,133000.0,2024,0.6,0.5,0.6,0.8,false,false,false,taxes in line with peers,[exact_name],[confirmed]
291,C_not_flagged,Entity xa1d8916aec,924711492,auto,1,200.0,4.5,44000.0,66000.0,5.0,461000.0,2024,0.6,0.4,1.1,0.2,false,false,false,taxes in line with peers,[exact_name],[confirmed]
292,C_not_flagged,Entity xa50f5f0f92,937948609,auto,1,200.0,5.0,40000.0,66000.0,7.0,354000.0,2024,0.6,0.5,0.7,0.5,false,false,false,taxes in line with peers,[exact_name],[unverified]
293,C_not_flagged,Entity x7f25040fd2,958663307,nightlife,1,10.0,5.0,23000.0,36000.0,3.5,169000.0,2024,0.6,0.4,0.7,0.6,false,false,false,too few reviews for the rating profile,[core_name+activity],[unverified]
294,C_not_flagged,Entity x9972d67735,903458147,hair_beauty,2,30.0,4.5,400.0,500.0,0.0,4900.0,2024,0.5,0.3,0.0,1.8,true,false,false,too few reviews for the rating profile,[core_name+activity],[unverified]
295,C_not_flagged,Entity x4d2c8d5bc4,945501406,auto,1,40.0,4.5,17000.0,19000.0,1.0,66000.0,2024,0.5,0.1,1.0,0.9,false,false,false,not visibly busy vs category (65+ reviews needed),[exact_name],[confirmed]
296,C_not_flagged,Entity x492add978f,955151558,auto,1,200.0,4.0,38000.0,66000.0,10.0,381000.0,2024,0.5,0.6,0.5,0.4,false,false,false,taxes in line with peers,[exact_name],[unverified]
297,C_not_flagged,Entity x6d7881c4d4,940663442,hair_beauty,1,150.0,4.5,1300.0,2900.0,0.0,,,0.5,0.8,0.0,,false,false,false,taxes in line with peers,[exact_name],[unverified]
298,C_not_flagged,Entity x491881ed35,907849445,auto,1,0.0,5.0,5100.0,12000.0,5.0,147000.0,2024,0.5,0.8,0.5,-0.2,false,false,false,too few reviews for the rating profile,[exact_name],[unverified]
299,C_not_flagged,Entity x95a136024b,928393339,hair_beauty,1,200.0,4.5,6900.0,14000.0,2.0,50000.0,2024,0.5,0.7,0.1,0.6,false,false,false,taxes in line with peers,[exact_name],[unverified]
300,C_not_flagged,Entity x458e059c82,981815646,auto,1,20.0,4.5,19000.0,27000.0,4.5,119000.0,2024,0.5,0.3,0.7,0.7,false,false,false,too few reviews for the rating profile,[exact_name],[confirmed]
300,C_not_flagged,Entity x0ef84374df,946411213,auto,1,10.0,4.5,11000.0,19000.0,3.0,88000.0,2024,0.5,0.6,0.3,0.6,false,false,false,too few reviews for the rating profile,[exact_name],[unverified]
302,C_not_flagged,Entity xbfae77a1ca,952306664,hair_beauty,1,20.0,5.0,200.0,500.0,0.0,39000.0,2024,0.5,1.1,0.0,-0.2,true,false,false,too few reviews for the rating profile,[core_name+address],[unverified]
303,C_not_flagged,Entity x4eb8e96b1d,997060270,hair_beauty,1,100.0,4.5,2000.0,3200.0,5.0,39000.0,2024,0.5,0.5,0.7,0.2,false,false,true,taxes in line with peers,[exact_name],[unverified]
304,C_not_flagged,Entity x830d7df82a,971229400,nightlife,1,750.0,4.5,26000.0,56000.0,8.5,350000.0,2024,0.5,0.7,0.3,0.1,false,false,false,taxes in line with peers,['fallback:vmvt'],[single_source]
305,C_not_flagged,Entity xe1e7ee69fe,953618843,nightlife,1,80.0,4.5,16000.0,42000.0,6.0,226000.0,2024,0.5,1.0,0.0,0.0,false,false,true,not visibly busy vs category (470+ reviews needed),[core_name+activity],[unverified]
306,C_not_flagged,Entity x5c274f22b7,901155177,auto,2,150.0,3.5,20000.0,29000.0,4.0,231000.0,2024,0.5,0.4,0.8,0.3,false,false,false,taxes in line with peers,"[exact_name, core_name+activity]",[confirmed]
307,C_not_flagged,Entity x3c2307c486,951841981,hair_beauty,1,90.0,4.5,1600.0,3200.0,4.0,39000.0,2024,0.5,0.7,0.3,0.2,false,false,true,taxes in line with peers,[exact_name],[unverified]
308,C_not_flagged,Entity x59cf8ac385,921171770,auto,1,0.0,5.0,5800.0,12000.0,1.0,186000.0,2024,0.5,0.7,0.7,-0.4,false,false,false,too few reviews for the rating profile,['fallback:primary_candidate+website'],[single_source]
309,C_not_flagged,Entity xfa94304d21,972464995,auto,1,150.0,4.5,48000.0,66000.0,6.5,468000.0,2024,0.5,0.3,0.9,0.2,false,false,false,taxes in line with peers,['fallback:website'],[single_source]
310,C_not_flagged,Entity x22b269a25b,971770997,auto,1,20.0,4.0,12000.0,19000.0,3.0,76000.0,2025,0.5,0.4,0.3,0.8,false,false,false,too few reviews for the rating profile,[exact_name],[unverified]
311,D_insufficient_evidence,Entity x97771f9902,987023802,hair_beauty,1,50.0,5.0,,2900.0,0.0,,,0.5,,0.5,,false,false,false,entity younger than 12 months,[core_name+address],[unverified]
312,C_not_flagged,Entity x137ec345f9,962950107,auto,1,50.0,4.0,11000.0,19000.0,3.5,98000.0,2024,0.5,0.6,0.2,0.5,false,false,false,not visibly busy vs category (65+ reviews needed),[exact_name],[unverified]
313,C_not_flagged,Entity x8e10fc8d50,907740644,hair_beauty,1,50.0,5.0,1800.0,2900.0,5.0,32000.0,2024,0.5,0.5,0.6,0.2,false,false,false,too few reviews for the rating profile,[exact_name],[unverified]
314,C_not_flagged,Entity x42cc43b0fd,976434291,auto,1,10.0,5.0,16000.0,27000.0,5.5,171000.0,2024,0.4,0.6,0.3,0.3,false,false,false,too few reviews for the rating profile,[exact_name],[unverified]
315,C_not_flagged,Entity xbb460dbc95,952567796,auto,1,30.0,4.5,14000.0,19000.0,2.0,84000.0,2024,0.4,0.3,0.5,0.6,false,false,false,too few reviews for the rating profile,[exact_name],[unverified]
316,C_not_flagged,Entity xb356ed2531,927196954,auto,2,950.0,4.5,38000.0,66000.0,9.0,479000.0,2024,0.4,0.5,0.4,0.2,false,false,false,taxes in line with peers,"[exact_name, 'fallback:job_ads']","[unverified, brand_level_only]"
317,C_not_flagged,Entity x5b9f67519f,991330107,auto,2,20.0,4.5,13000.0,27000.0,4.5,209000.0,2024,0.4,0.7,0.2,0.1,false,false,false,too few reviews for the rating profile,[exact_name],[unverified]
318,C_not_flagged,Entity x3912253c46,996901835,auto,1,0.0,,8200.0,12000.0,1.0,96000.0,2024,0.4,0.3,0.7,0.2,false,false,false,too few reviews for the rating profile,[exact_name],[unverified]
319,C_not_flagged,Entity x56b5bf3b91,997421530,auto,1,0.0,3.5,7600.0,12000.0,3.0,47000.0,2024,0.4,0.4,0.0,0.9,false,false,false,too few reviews for the rating profile,[exact_name],[unverified]
320,C_not_flagged,Entity xb9a5fce1fe,963411594,hair_beauty,1,150.0,4.5,6500.0,14000.0,3.0,,,0.4,0.7,-0.2,,false,false,false,taxes in line with peers,[address_only],[unverified]
321,C_not_flagged,Entity x055211e369,945573408,nightlife,1,400.0,5.0,8500.0,14000.0,2.0,48000.0,2024,0.4,0.5,-0.1,1.0,false,false,false,not visibly busy vs category (1194+ reviews needed),[exact_name],[unverified]
321,C_not_flagged,Entity xd98511adb6,950474793,auto,1,100.0,4.0,21000.0,29000.0,4.0,156000.0,2024,0.4,0.3,0.4,0.7,false,false,false,taxes in line with peers,[exact_name],[confirmed]
323,C_not_flagged,Entity xa8a17b6765,913574809,hair_beauty,1,0.0,5.0,800.0,1500.0,2.0,12000.0,2024,0.4,0.6,-0.3,1.0,false,false,false,too few reviews for the rating profile,[exact_name],[unverified]
324,C_not_flagged,Entity x4a21557b51,928521405,auto,2,250.0,4.5,60000.0,66000.0,6.0,335000.0,2024,0.4,0.1,0.8,0.6,false,false,false,taxes in line with peers,[exact_name],[confirmed]
325,C_not_flagged,Entity x10bec85000,990516765,hair_beauty,1,10.0,5.0,600.0,1100.0,0.0,,,0.4,0.6,0.0,,false,false,false,too few reviews for the rating profile,[address_only],[unverified]
326,C_not_flagged,Entity xb998762002,967976902,hair_beauty,1,200.0,5.0,1600.0,2900.0,0.0,23000.0,2024,0.4,0.6,0.0,0.4,false,false,false,taxes in line with peers,[exact_name],[unverified]
327,C_not_flagged,Entity xd54ff1801b,930837444,hair_beauty,1,60.0,5.0,1500.0,2900.0,1.5,41000.0,2024,0.4,0.7,0.2,-0.1,false,false,false,too few reviews for the rating profile,[exact_name],[unverified]
328,C_not_flagged,Entity x75313ed99f,968296873,auto,1,0.0,,9400.0,12000.0,2.0,47000.0,2024,0.4,0.2,0.3,0.9,false,false,false,too few reviews for the rating profile,[exact_name],[confirmed]
329,C_not_flagged,Entity xcd7fbf80ac,957421620,auto,1,10.0,4.0,14000.0,19000.0,3.0,81000.0,2024,0.4,0.3,0.3,0.7,false,false,false,too few reviews for the rating profile,[exact_name],[unverified]
330,C_not_flagged,Entity x05e56deb6b,949794735,hair_beauty,1,250.0,4.5,7400.0,14000.0,1.5,132000.0,2024,0.4,0.6,0.4,-0.3,false,false,false,taxes in line with peers,['fallback:trademark'],[brand_level_only]
331,C_not_flagged,Entity xae5eb51a61,988563765,auto,1,250.0,4.5,51000.0,66000.0,6.5,403000.0,2024,0.4,0.2,0.5,0.4,false,false,false,taxes in line with peers,[exact_name],[unverified]
332,C_not_flagged,Entity x4182a2c1f3,932173686,auto,1,10.0,5.0,15000.0,27000.0,4.5,340000.0,2024,0.4,0.6,0.4,-0.4,false,false,false,too few reviews for the rating profile,[exact_name],[unverified]
333,C_not_flagged,Entity xfa5144e3da,955078267,auto,1,0.0,,7900.0,12000.0,2.0,83000.0,2024,0.4,0.4,0.3,0.4,false,false,false,too few reviews for the rating profile,['fallback:primary_candidate+website'],[single_source]
334,C_not_flagged,Entity x9a138d2786,963233968,auto,1,0.0,,5700.0,12000.0,4.5,76000.0,2024,0.4,0.7,-0.3,0.5,false,false,false,too few reviews for the rating profile,['fallback:website'],[single_source]
335,C_not_flagged,Entity xfa23cb3d3f,940588280,nightlife,1,900.0,4.5,46000.0,56000.0,3.5,251000.0,2024,0.3,0.2,0.5,0.5,false,false,false,taxes in line with peers,['fallback:job_ads+vmvt'],[confirmed]
336,C_not_flagged,Entity x23d47f81ef,979260815,auto,1,20.0,4.5,20000.0,19000.0,1.0,109000.0,2024,0.3,-0.1,1.0,0.4,false,false,false,too few reviews for the rating profile,[exact_name],[confirmed]
337,C_not_flagged,Entity xfe8b00e8e5,969172247,auto,1,100.0,4.0,27000.0,29000.0,5.0,135000.0,2024,0.3,0.1,0.5,0.8,false,false,false,taxes in line with peers,[exact_name],[confirmed]
338,C_not_flagged,Entity x09d516a6cd,912714290,hair_beauty,1,350.0,5.0,1600.0,2900.0,0.5,31000.0,2024,0.3,0.6,0.1,0.1,false,false,false,taxes in line with peers,['fallback:job_ads+primary_candidate'],[single_source]
339,C_not_flagged,Entity x6ce41b1808,962903045,auto,1,150.0,5.0,24000.0,29000.0,5.0,184000.0,2024,0.3,0.2,0.5,0.5,false,false,false,not visibly busy vs category (176+ reviews needed),[exact_name],[confirmed]
340,C_not_flagged,Entity xb0bd334d02,955992354,hair_beauty,1,0.0,4.0,1000.0,1500.0,1.0,21000.0,2024,0.3,0.4,0.1,0.4,false,false,false,too few reviews for the rating profile,[exact_name],[unverified]
341,C_not_flagged,Entity x270215ab34,906959436,hair_beauty,1,200.0,4.5,11000.0,14000.0,1.0,74000.0,2024,0.3,0.3,0.5,0.2,false,false,false,taxes in line with peers,[exact_name],[unverified]
342,C_not_flagged,Entity xf396094d0c,926688275,auto,1,80.0,4.5,26000.0,29000.0,3.5,166000.0,2024,0.3,0.1,0.4,0.6,false,false,false,taxes in line with peers,['fallback:primary_candidate+website'],[single_source]
343,C_not_flagged,Entity x08f787ab0e,926078930,hair_beauty,1,30.0,4.5,2000.0,2900.0,5.5,38000.0,2024,0.3,0.4,0.4,0.0,false,false,false,not visibly busy vs category (49+ reviews needed),[core_name+address],[unverified]
344,C_not_flagged,Entity xc424036a6f,955173838,auto,1,100.0,5.0,23000.0,29000.0,5.0,203000.0,2024,0.3,0.2,0.3,0.4,false,false,false,not visibly busy vs category (176+ reviews needed),[exact_name],[confirmed]
345,C_not_flagged,Entity xa180ae953e,956902281,hair_beauty,1,0.0,,300.0,500.0,0.0,,,0.3,0.5,-0.1,,true,false,false,too few reviews for the rating profile,[exact_name],[unverified]
346,C_not_flagged,Entity x821f060da8,957155361,auto,1,0.0,5.0,8600.0,12000.0,3.0,57000.0,2024,0.3,0.3,0.0,0.8,false,false,false,too few reviews for the rating profile,[exact_name],[unverified]
347,C_not_flagged,Entity x87e371761e,930892475,auto,1,2000.0,5.0,67000.0,66000.0,5.0,517000.0,2024,0.3,0.0,0.9,0.1,false,false,false,taxes in line with peers,[name_part+address],[confirmed_by_audit]
348,C_not_flagged,Entity xfe23215509,936531539,auto,1,100.0,5.0,27000.0,29000.0,3.0,187000.0,2024,0.3,0.1,0.5,0.5,false,false,false,not visibly busy vs category (176+ reviews needed),[exact_name],[unverified]
349,C_not_flagged,Entity x3bbe0d7a5d,955948072,auto,1,100.0,4.5,30000.0,29000.0,5.5,118000.0,2024,0.3,0.0,0.4,0.9,false,false,false,taxes in line with peers,['fallback:website'],[single_source]
350,C_not_flagged,Entity x6a397b7a6c,917300758,hair_beauty,1,60.0,5.0,2200.0,2900.0,1.0,34000.0,2024,0.3,0.3,0.4,0.1,false,false,false,too few reviews for the rating profile,[exact_name],[unverified]
351,C_not_flagged,Entity x00b2314264,930613385,auto,1,60.0,4.5,23000.0,29000.0,7.0,193000.0,2024,0.3,0.2,0.2,0.4,false,false,false,not visibly busy vs category (65+ reviews needed),[exact_name],[confirmed]
352,C_not_flagged,Entity x772d15feef,926262668,hair_beauty,1,60.0,5.0,2900.0,3200.0,1.0,28000.0,2024,0.3,0.1,0.4,0.6,false,false,true,too few reviews for the rating profile,[exact_name],[unverified]
353,C_not_flagged,Entity xcc673e3715,997495221,auto,1,50.0,4.0,33000.0,29000.0,1.0,386000.0,2024,0.3,-0.1,1.3,-0.3,false,true,false,not visibly busy vs category (65+ reviews needed),[exact_name],[unverified]
353,C_not_flagged,Entity x6c00e66cdb,921693481,auto,1,50.0,5.0,14000.0,19000.0,3.0,141000.0,2024,0.3,0.3,0.3,0.1,false,false,false,too few reviews for the rating profile,[core_name+activity],[confirmed]
355,D_insufficient_evidence,Entity xf559450539,958864713,hair_beauty,1,20.0,4.5,,1300.0,1.0,19000.0,2024,0.3,,0.3,0.2,false,false,false,no VMI tax record (absence is not proof of zero),[exact_name],[unverified]
355,C_not_flagged,Entity xec813bd219,998561134,auto,1,20.0,4.5,20000.0,27000.0,8.0,144000.0,2024,0.3,0.3,0.0,0.5,false,false,false,too few reviews for the rating profile,['fallback:website'],[single_source]
357,C_not_flagged,Entity x7c38d0c4f3,962581198,auto,1,30.0,4.0,12000.0,19000.0,9.0,114000.0,2024,0.3,0.5,-0.1,0.3,false,false,false,too few reviews for the rating profile,[exact_name],[confirmed]
358,C_not_flagged,Entity xc375bffaff,999487574,auto,1,90.0,4.0,30000.0,29000.0,5.0,151000.0,2024,0.3,0.0,0.4,0.7,false,false,false,taxes in line with peers,[exact_name],[unverified]
359,C_not_flagged,Entity x1113da631a,965978826,hair_beauty,1,10.0,4.5,700.0,500.0,0.0,3600.0,2024,0.3,-0.3,0.0,2.1,true,false,false,too few reviews for the rating profile,[exact_name],[unverified]
360,C_not_flagged,Entity x2ef06e0cfa,973373068,nightlife,1,350.0,4.5,49000.0,39000.0,4.5,252000.0,2024,0.3,-0.2,1.1,0.2,false,false,false,not visibly busy vs category (470+ reviews needed),[address_only],[conflict]
361,C_not_flagged,Entity x1fa410bfbe,916099228,nightlife,1,150.0,4.5,34000.0,39000.0,3.5,318000.0,2024,0.3,0.2,0.6,0.0,false,false,false,not visibly busy vs category (470+ reviews needed),[exact_name],[conflict]
362,C_not_flagged,Entity xb05a0c96e6,904761214,hair_beauty,1,20.0,5.0,600.0,1300.0,3.0,23000.0,2024,0.3,0.8,-0.4,-0.1,false,false,false,too few reviews for the rating profile,[exact_name],[unverified]
363,C_not_flagged,Entity x736e4627e8,960617272,hair_beauty,1,30.0,4.5,2300.0,2900.0,2.5,50000.0,2024,0.2,0.2,0.6,-0.3,false,true,false,not visibly busy vs category (49+ reviews needed),[exact_name],[unverified]
364,C_not_flagged,Entity x483d19182b,951219293,hair_beauty,1,0.0,5.0,900.0,1500.0,2.0,24000.0,2023,0.2,0.5,-0.2,0.3,false,false,false,too few reviews for the rating profile,[core_name+activity],[unverified]
365,C_not_flagged,Entity xa156811a45,905242091,auto,1,40.0,4.5,18000.0,19000.0,5.0,106000.0,2024,0.2,0.1,0.4,0.4,false,false,false,not visibly busy vs category (65+ reviews needed),[exact_name],[unverified]
366,C_not_flagged,Entity xc4972fcfd3,921255150,nightlife,1,450.0,3.5,27000.0,39000.0,9.0,,,0.2,0.4,0.0,,false,false,false,not visibly busy vs category (470+ reviews needed),[exact_name],[confirmed]
367,C_not_flagged,Entity x1ebd57498b,962089961,auto,3,100.0,4.5,31000.0,29000.0,3.0,168000.0,2024,0.2,-0.1,0.5,0.6,false,false,false,taxes in line with peers,[exact_name],[confirmed]
368,C_not_flagged,Entity x07ea4e7aa2,920401466,hair_beauty,1,2250.0,5.0,8900.0,14000.0,6.5,104000.0,2024,0.2,0.4,0.1,-0.1,false,false,false,taxes in line with peers,['fallback:job_ads'],[brand_level_only]
369,D_insufficient_evidence,Entity x8bb278dcfe,948188556,auto,1,10.0,3.0,,1600.0,0.0,23000.0,2024,0.2,,0.0,0.6,false,false,false,no VMI tax record (absence is not proof of zero),[exact_name],[unverified]
370,C_not_flagged,Entity xe4001ce1ca,935692444,auto,1,150.0,5.0,17000.0,25000.0,4.0,239000.0,2025,0.2,0.4,0.1,0.0,false,false,false,not visibly busy vs category (176+ reviews needed),[exact_name],[unverified]
370,C_not_flagged,Entity x5f6e03498b,906192645,auto,1,80.0,4.5,27000.0,29000.0,5.0,188000.0,2024,0.2,0.1,0.3,0.5,false,false,false,taxes in line with peers,[exact_name],[unverified]
372,C_not_flagged,Entity x6e1671ee1c,979766017,hair_beauty,1,10.0,4.5,1100.0,1300.0,1.0,18000.0,2024,0.2,0.2,0.3,0.2,false,false,false,too few reviews for the rating profile,[exact_name],[unverified]
373,C_not_flagged,Entity x2005dd2b90,957545121,hair_beauty,1,20.0,4.5,1200.0,1300.0,1.0,15000.0,2024,0.2,0.1,0.4,0.3,false,false,false,too few reviews for the rating profile,[exact_name],[unverified]
374,C_not_flagged,Entity xbc5272f933,902274312,auto,1,60.0,4.0,25000.0,29000.0,5.0,186000.0,2024,0.2,0.2,0.1,0.5,false,false,false,not visibly busy vs category (65+ reviews needed),[exact_name],[unverified]
375,C_not_flagged,Entity xb8c32b1d35,981468054,auto,1,10.0,5.0,22000.0,27000.0,4.0,183000.0,2024,0.2,0.2,0.2,0.2,false,false,false,too few reviews for the rating profile,[address_only],[unverified]
376,C_not_flagged,Entity xa93fd7eeea,970792889,auto,1,0.0,5.0,24000.0,27000.0,5.0,173000.0,2024,0.2,0.1,0.3,0.3,false,false,false,too few reviews for the rating profile,[exact_name],[confirmed]
376,C_not_flagged,Entity x6c19310d64,952943379,auto,1,10.0,5.0,15000.0,19000.0,3.5,153000.0,2024,0.2,0.3,0.2,0.0,false,false,false,too few reviews for the rating profile,['fallback:website'],[single_source]
378,C_not_flagged,Entity x940f2fdefd,948563345,auto,1,10.0,4.5,22000.0,27000.0,6.0,210000.0,2025,0.2,0.2,0.2,0.1,false,false,false,too few reviews for the rating profile,[exact_name],[confirmed]
379,C_not_flagged,Entity x149d120b9a,945171255,nightlife,1,550.0,4.5,47000.0,56000.0,2.0,1233000.0,2024,0.2,0.2,1.1,-1.1,false,false,false,taxes in line with peers,['fallback:vmvt'],[single_source]
380,C_not_flagged,Entity x7dca5110c7,996919880,auto,1,30.0,4.5,1800.0,2200.0,1.0,29000.0,2024,0.2,0.2,-0.1,0.7,false,false,true,not visibly busy vs category (65+ reviews needed),[address_only],[unverified]
380,C_not_flagged,Entity x06047bcebb,926781922,nightlife,1,300.0,4.5,27000.0,39000.0,9.0,302000.0,2024,0.2,0.4,0.0,0.0,false,false,false,not visibly busy vs category (470+ reviews needed),['fallback:vmvt'],[single_source]
382,C_not_flagged,Entity x944a17b88b,946461130,auto,1,0.0,,8300.0,12000.0,4.0,80000.0,2024,0.2,0.3,-0.2,0.4,false,false,false,too few reviews for the rating profile,[exact_name],[confirmed]
383,C_not_flagged,Entity xfb363ed280,900788562,auto,1,0.0,5.0,10000.0,12000.0,5.5,105000.0,2024,0.2,0.1,0.4,0.1,false,false,false,too few reviews for the rating profile,[exact_name],[unverified]
384,C_not_flagged,Entity xd5443aaaec,918772544,hair_beauty,1,20.0,4.0,600.0,1100.0,1.0,,,0.2,0.7,-0.7,,false,false,false,too few reviews for the rating profile,[address_only],[unverified]
385,C_not_flagged,Entity x2385bc5d37,997848180,hair_beauty,1,10.0,5.0,300.0,500.0,0.0,37000.0,2024,0.2,0.4,0.0,-0.2,true,false,false,too few reviews for the rating profile,['fallback:primary_candidate+website'],[single_source]
385,C_not_flagged,Entity xfa78739a15,942497419,hair_beauty,1,20.0,4.0,3200.0,3200.0,1.0,,,0.2,0.0,0.5,,false,false,true,too few reviews for the rating profile,[core_name+activity],[unverified]
387,C_not_flagged,Entity xc34df815cf,942077183,auto,1,100.0,4.5,26000.0,29000.0,5.0,372000.0,2024,0.2,0.1,0.5,-0.2,false,false,false,taxes in line with peers,[exact_name],[unverified]
388,C_not_flagged,Entity xec81425aad,908175155,hair_beauty,1,100.0,4.5,15000.0,14000.0,1.0,,,0.2,-0.1,0.6,,false,false,false,taxes in line with peers,[core_name+activity],[unverified]
389,C_not_flagged,Entity x5250aca4a4,947332599,hair_beauty,1,40.0,4.5,2700.0,2900.0,1.0,32000.0,2024,0.2,0.1,0.3,0.2,false,false,false,not visibly busy vs category (49+ reviews needed),[exact_name],[unverified]
390,C_not_flagged,Entity x9eda1c3ad7,913677552,nightlife,1,200.0,4.5,35000.0,42000.0,3.5,359000.0,2024,0.2,0.2,0.5,-0.5,false,false,false,not visibly busy vs category (470+ reviews needed),[exact_name],[unverified]
391,C_not_flagged,Entity x372f935c67,975297268,nightlife,1,10.0,4.5,36000.0,36000.0,6.0,215000.0,2024,0.2,0.0,0.3,0.4,false,false,false,too few reviews for the rating profile,['fallback:vmvt'],[single_source]
392,D_insufficient_evidence,Entity x9996d0a45b,924576415,auto,1,60.0,4.5,,5500.0,0.0,,,0.2,,0.2,,false,false,true,no VMI tax record (absence is not proof of zero),[exact_name],[confirmed]
392,C_not_flagged,Entity x88ee48de31,906115177,auto,1,20.0,5.0,20000.0,19000.0,2.5,121000.0,2024,0.2,-0.1,0.4,0.3,false,false,false,too few reviews for the rating profile,[exact_name],[unverified]
394,C_not_flagged,Entity xb7701fa41a,995068586,nightlife,1,200.0,4.5,43000.0,56000.0,10.5,303000.0,2024,0.1,0.3,-0.1,0.3,false,false,false,not visibly busy vs category (470+ reviews needed),['fallback:vmvt'],[single_source]
395,C_not_flagged,Entity x671bbfe024,980915631,auto,1,200.0,5.0,24000.0,25000.0,4.5,185000.0,2024,0.1,0.0,0.2,0.3,false,false,false,taxes in line with peers,['fallback:trademark'],[brand_level_only]
396,C_not_flagged,Entity x4b22f55122,916706446,auto,1,20.0,4.5,1800.0,2200.0,0.5,67000.0,2024,0.1,0.2,0.3,-0.2,false,false,false,too few reviews for the rating profile,[exact_name],[confirmed]
397,C_not_flagged,Entity x1aac758313,908221538,hair_beauty,1,100.0,4.5,1900.0,2900.0,3.0,,,0.1,0.4,-0.3,,false,false,true,taxes in line with peers,[address_only],[unverified]
398,C_not_flagged,Entity xf48f4b231a,978092504,auto,1,80.0,4.5,28000.0,29000.0,8.5,164000.0,2024,0.1,0.0,0.0,0.6,false,false,false,taxes in line with peers,[exact_name],[confirmed]
398,C_not_flagged,Entity x43b9f05939,980389982,auto,1,30.0,2.5,12000.0,19000.0,6.0,311000.0,2023,0.1,0.5,0.1,-0.7,false,false,false,too few reviews for the rating profile,[exact_name],[unverified]
400,C_not_flagged,Entity x7bf3b390e4,919886678,hair_beauty,1,0.0,,1000.0,1500.0,3.0,18000.0,2024,0.1,0.4,-0.5,0.6,false,false,false,too few reviews for the rating profile,[core_name+address],[unverified]
401,C_not_flagged,Entity x0b349c8b5d,992584072,nightlife,1,500.0,4.5,12000.0,14000.0,1.0,107000.0,2024,0.1,0.1,0.1,0.2,false,false,false,taxes in line with peers,['fallback:primary_candidate+vmvt'],[single_source]
402,C_not_flagged,Entity x3cd03430a3,926467024,hair_beauty,1,20.0,4.5,1300.0,1300.0,2.0,10000.0,2024,0.1,0.0,-0.1,0.7,false,false,false,too few reviews for the rating profile,[exact_name],[confirmed_by_audit]
403,C_not_flagged,Entity x670fb7cff2,906028811,auto,1,10.0,4.5,32000.0,27000.0,3.0,171000.0,2024,0.1,-0.1,0.4,0.3,false,false,false,too few reviews for the rating profile,[exact_name],[unverified]
404,C_not_flagged,Entity x5186ef4f85,982433672,auto,1,0.0,5.0,3400.0,3600.0,1.0,43000.0,2024,0.1,0.0,0.0,0.5,false,false,true,too few reviews for the rating profile,[exact_name],[unverified]
405,C_not_flagged,Entity x1f90a1c195,949570136,nightlife,1,300.0,4.5,15000.0,14000.0,0.5,128000.0,2023,0.1,-0.1,0.6,0.0,false,false,false,not visibly busy vs category (470+ reviews needed),['fallback:vmvt'],[single_source]
405,C_not_flagged,Entity xeb2a83e3da,933901587,auto,1,40.0,5.0,2000.0,2200.0,1.0,34000.0,2024,0.1,0.1,-0.1,0.5,false,false,true,too few reviews for the rating profile,[exact_name],[unverified]
407,C_not_flagged,Entity x3b4b6d85be,946067644,hair_beauty,2,200.0,4.5,14000.0,14000.0,2.5,56000.0,2024,0.1,0.0,0.0,0.5,false,false,false,taxes in line with peers,['fallback:website'],[single_source]
408,C_not_flagged,Entity xf9d28c6741,994025478,hair_beauty,1,0.0,,1200.0,1500.0,1.0,45000.0,2024,0.1,0.2,0.2,-0.3,false,false,false,too few reviews for the rating profile,[exact_name],[unverified]
409,C_not_flagged,Entity xead21a15fe,901680891,auto,1,30.0,5.0,19000.0,19000.0,5.0,224000.0,2024,0.1,0.0,0.5,-0.3,false,false,false,too few reviews for the rating profile,[core_name+activity],[unverified]
410,C_not_flagged,Entity xba232d468f,946220562,nightlife,1,100.0,5.0,49000.0,42000.0,8.0,226000.0,2024,0.1,-0.2,0.5,0.0,false,false,false,not visibly busy vs category (1194+ reviews needed),['fallback:vmvt'],[single_source]
411,C_not_flagged,Entity x01cd097583,938619754,hair_beauty,1,100.0,4.5,3100.0,3200.0,6.0,33000.0,2024,0.1,0.0,-0.1,0.4,false,false,true,taxes in line with peers,[address_only],[unverified]
412,C_not_flagged,Entity xf8bfad52a0,930315368,auto,1,20.0,4.0,31000.0,27000.0,4.0,186000.0,2024,0.1,-0.1,0.3,0.2,false,false,false,too few reviews for the rating profile,[exact_name],[confirmed]
413,C_not_flagged,Entity x4cb14b1bfe,953048251,auto,1,20.0,4.5,23000.0,19000.0,7.5,89000.0,2024,0.1,-0.2,0.1,0.6,false,false,false,too few reviews for the rating profile,[exact_name],[confirmed]
413,C_not_flagged,Entity x722bcd2802,951111491,auto,1,250.0,4.5,81000.0,66000.0,3.0,769000.0,2024,0.1,-0.2,0.7,-0.3,false,false,false,taxes in line with peers,[exact_name],[unverified]
415,C_not_flagged,Entity x4bca4f5d02,986972662,auto,1,200.0,4.5,84000.0,66000.0,6.5,767000.0,2025,0.1,-0.2,0.8,-0.3,false,false,false,taxes in line with peers,[exact_name],[confirmed]
415,C_not_flagged,Entity x00d328a1ce,919792130,auto,1,10.0,4.5,1200.0,1600.0,1.0,20000.0,2024,0.1,0.3,-0.7,0.7,false,false,false,too few reviews for the rating profile,[exact_name],[unverified]
417,C_not_flagged,Entity x6cbd62bfb9,961350778,auto,1,60.0,4.0,29000.0,29000.0,8.0,270000.0,2024,0.1,0.0,0.1,0.1,false,false,false,not visibly busy vs category (65+ reviews needed),['fallback:website'],[confirmed_by_audit]
418,C_not_flagged,Entity xfc3526b027,912544816,auto,1,40.0,5.0,19000.0,19000.0,4.0,197000.0,2024,0.1,0.0,0.3,-0.2,false,false,false,too few reviews for the rating profile,[core_name+activity],[unverified]
419,C_not_flagged,Entity x374519c773,924772775,auto,1,100.0,4.0,31000.0,29000.0,9.0,201000.0,2024,0.0,-0.1,0.0,0.4,false,false,false,taxes in line with peers,[exact_name],[unverified]
420,C_not_flagged,Entity x35814509d6,925325904,auto,1,50.0,4.5,22000.0,19000.0,5.0,176000.0,2024,0.0,-0.2,0.5,-0.1,false,false,false,not visibly busy vs category (65+ reviews needed),[exact_name],[confirmed]
420,C_not_flagged,Entity x569ba9ba09,967461236,hair_beauty,1,0.0,5.0,1500.0,1500.0,1.0,33000.0,2024,0.0,0.0,0.2,0.0,false,false,false,too few reviews for the rating profile,[exact_name],[confirmed]
422,C_not_flagged,Entity xf25ad6a29f,961960281,auto,1,0.0,,13000.0,12000.0,2.0,116000.0,2024,0.0,-0.1,0.3,0.0,false,false,false,too few reviews for the rating profile,[exact_name],[confirmed]
423,C_not_flagged,Entity xdd6e642a25,996624870,auto,1,0.0,5.0,10000.0,12000.0,3.0,140000.0,2024,0.0,0.1,0.0,-0.2,false,false,false,too few reviews for the rating profile,[exact_name],[confirmed]
423,C_not_flagged,Entity xff81ccaaa3,949599077,hair_beauty,1,60.0,5.0,3500.0,2900.0,1.0,36000.0,2024,0.0,-0.2,0.4,0.1,false,false,false,too few reviews for the rating profile,[exact_name],[unverified]
425,C_not_flagged,Entity x0c498101c2,936522150,hair_beauty,1,0.0,5.0,1800.0,1500.0,1.0,21000.0,2024,0.0,-0.2,0.1,0.4,false,true,false,too few reviews for the rating profile,[address_only],[unverified]
426,C_not_flagged,Entity xf8513afae5,965560749,hair_beauty,1,100.0,5.0,2900.0,2900.0,0.0,30000.0,2024,0.0,0.0,0.0,0.1,false,false,false,taxes in line with peers,[exact_name],[unverified]
427,C_not_flagged,Entity x3a97af26a7,953018674,auto,1,150.0,4.5,47000.0,66000.0,15.5,880000.0,2024,0.0,0.3,-0.2,-0.4,false,false,false,taxes in line with peers,[name_part+address],[confirmed]
427,C_not_flagged,Entity x343dad7ec9,908416907,auto,1,20.0,4.0,20000.0,19000.0,3.5,154000.0,2024,0.0,-0.1,0.1,0.0,false,false,false,too few reviews for the rating profile,[exact_name],[unverified]
429,C_not_flagged,Entity xcf11dcc134,925043091,auto,1,30.0,5.0,24000.0,19000.0,6.0,99000.0,2024,0.0,-0.2,0.1,0.5,false,false,false,too few reviews for the rating profile,[exact_name],[confirmed]
430,C_not_flagged,Entity xbf577779c1,987528083,auto,1,50.0,5.0,22000.0,19000.0,3.0,159000.0,2024,0.0,-0.1,0.3,0.0,false,false,false,too few reviews for the rating profile,[exact_name],[confirmed_by_audit]
430,C_not_flagged,Entity x36ee2ad553,948739909,hair_beauty,1,100.0,5.0,2100.0,3200.0,4.0,56000.0,2024,0.0,0.4,-0.5,-0.1,false,false,false,taxes in line with peers,[exact_name],[unverified]
432,C_not_flagged,Entity x62c14085d9,950723900,hair_beauty,1,100.0,5.0,2700.0,3200.0,3.0,49000.0,2024,0.0,0.2,-0.3,0.0,false,false,true,taxes in line with peers,[exact_name],[unverified]
433,C_not_flagged,Entity xfd497a3712,924869566,auto,1,40.0,4.0,19000.0,19000.0,5.5,239000.0,2024,0.0,0.0,0.3,-0.4,false,false,false,not visibly busy vs category (65+ reviews needed),[exact_name],[unverified]
434,D_insufficient_evidence,Entity x9f99f39850,965658356,hair_beauty,1,0.0,5.0,,1100.0,0.0,,,0.0,,0.0,,false,false,false,no VMI tax record (absence is not proof of zero),[exact_name],[unverified]
434,D_insufficient_evidence,Entity x44ec241d22,908859767,hair_beauty,1,10.0,5.0,,500.0,0.0,,,0.0,,0.0,,false,false,false,no VMI tax record (absence is not proof of zero),[core_name+address],[unverified]
434,D_insufficient_evidence,Entity x02873d3922,970995131,hair_beauty,1,10.0,4.0,,500.0,0.0,,,0.0,,0.0,,false,false,false,entity younger than 12 months,[exact_name],[unverified]
434,D_insufficient_evidence,Entity x8aaede9269,963079832,hair_beauty,1,70.0,4.5,,500.0,0.0,,,0.0,,0.0,,false,false,false,no VMI tax record (absence is not proof of zero),[address_only],[unverified]
434,D_insufficient_evidence,Entity x63401a705f,972628738,hair_beauty,1,0.0,,,500.0,0.0,,,0.0,,0.0,,false,false,false,no VMI tax record (absence is not proof of zero),[exact_name],[unverified]
434,D_insufficient_evidence,Entity x1010209b79,952581280,auto,1,10.0,5.0,,1600.0,0.0,,,0.0,,0.0,,false,false,false,no VMI tax record (absence is not proof of zero),[exact_name+address],[conflict]
434,D_insufficient_evidence,Entity xb297a8eec9,944027371,auto,1,10.0,4.0,,5500.0,0.0,,,0.0,,0.0,,false,false,false,no VMI tax record (absence is not proof of zero),[exact_name],[unverified]
434,D_insufficient_evidence,Entity xb65169727c,977716772,hair_beauty,1,10.0,5.0,,500.0,0.0,,,0.0,,0.0,,false,false,false,no VMI tax record (absence is not proof of zero),[core_name+address],[unverified]
434,D_insufficient_evidence,Entity xbd39be9798,908391552,hair_beauty,1,10.0,3.5,,500.0,0.0,,,0.0,,0.0,,false,false,false,entity younger than 12 months,[exact_name],[unverified]
434,D_insufficient_evidence,Entity x65323b70e8,920025567,hair_beauty,1,0.0,5.0,,500.0,0.0,,,0.0,,0.0,,false,false,false,no VMI tax record (absence is not proof of zero),[address_only],[unverified]
434,D_insufficient_evidence,Entity x1645848e46,932471169,auto,1,0.0,5.0,,1600.0,0.0,,,0.0,,0.0,,false,false,false,no VMI tax record (absence is not proof of zero),['fallback:website'],[single_source]
434,D_insufficient_evidence,Entity xcf7c53ba91,987630260,hair_beauty,1,0.0,,,500.0,0.0,,,0.0,,0.0,,false,false,false,no VMI tax record (absence is not proof of zero),[core_name+address],[unverified]
434,C_not_flagged,Entity x131648ba87,930392256,hair_beauty,1,20.0,5.0,900.0,1300.0,3.0,34000.0,2024,0.0,0.4,-0.3,-0.4,false,false,false,too few reviews for the rating profile,[exact_name],[unverified]
434,C_not_flagged,Entity x7c48be76b1,974939301,auto,1,40.0,4.5,2200.0,2200.0,0.0,,,0.0,0.0,0.0,,false,false,false,not visibly busy vs category (65+ reviews needed),[address_only],[unverified]
448,C_not_flagged,Entity x07d1699737,901077018,auto,1,90.0,4.5,30000.0,29000.0,11.5,302000.0,2024,0.0,0.0,0.0,0.0,false,false,false,taxes in line with peers,[exact_name],[unverified]
449,C_not_flagged,Entity xfa0521ee6b,951053603,nightlife,2,400.0,4.5,56000.0,56000.0,6.5,437000.0,2024,0.0,0.0,0.1,-0.1,false,false,false,not visibly busy vs category (470+ reviews needed),[exact_name],"[confirmed, unverified]"
450,C_not_flagged,Entity x60f631861f,909094788,nightlife,2,1000.0,4.5,90000.0,56000.0,8.0,238000.0,2024,0.0,-0.5,0.4,0.5,false,false,false,taxes in line with peers,['fallback:vmvt'],[single_source]
450,C_not_flagged,Entity xf408c9e42c,984089695,nightlife,1,700.0,4.5,55000.0,56000.0,9.0,315000.0,2024,0.0,0.0,-0.2,0.3,false,false,false,taxes in line with peers,['fallback:vmvt'],[single_source]
452,C_not_flagged,Entity xab14b3394d,994572569,hair_beauty,1,150.0,4.5,20000.0,14000.0,1.0,,,0.0,-0.4,0.6,,false,false,false,taxes in line with peers,['fallback:website'],[single_source]
453,C_not_flagged,Entity x6ca029ce59,951956472,nightlife,1,200.0,4.5,84000.0,42000.0,10.5,164000.0,2024,0.0,-0.7,0.9,0.3,false,false,false,not visibly busy vs category (470+ reviews needed),[address_only],[unverified]
453,C_not_flagged,Entity x8a7f594d5c,963721762,hair_beauty,1,50.0,4.5,3000.0,2900.0,3.0,24000.0,2024,0.0,-0.1,-0.3,0.5,false,false,false,taxes in line with peers,[exact_name],[unverified]
455,C_not_flagged,Entity xd6afae0c64,927668606,auto,1,20.0,4.5,35000.0,27000.0,6.0,259000.0,2024,0.0,-0.2,0.4,-0.1,false,false,false,too few reviews for the rating profile,[exact_name],[unverified]
456,C_not_flagged,Entity x862a5eae9b,935249774,auto,1,0.0,2.0,13000.0,12000.0,3.0,94000.0,2024,0.0,-0.1,0.0,0.2,false,false,false,too few reviews for the rating profile,[exact_name],[confirmed]
457,C_not_flagged,Entity x08648e5d72,978240597,auto,1,30.0,5.0,4900.0,5500.0,0.0,104000.0,2024,0.0,0.1,0.0,-0.4,false,false,false,too few reviews for the rating profile,[exact_name],[unverified]
457,C_not_flagged,Entity x48c354f333,981047273,auto,1,80.0,4.5,27000.0,25000.0,5.0,244000.0,2024,0.0,0.0,0.0,0.0,false,false,false,taxes in line with peers,[exact_name],[confirmed]
459,C_not_flagged,Entity xf5d0f54904,917205952,auto,1,50.0,5.0,23000.0,19000.0,3.5,163000.0,2024,0.0,-0.2,0.2,0.0,false,false,false,too few reviews for the rating profile,[exact_name],[unverified]
460,C_not_flagged,Entity xdb86ff8490,958978434,auto,1,150.0,5.0,90000.0,66000.0,6.0,461000.0,2024,0.0,-0.3,0.3,0.2,false,false,false,not visibly busy vs category (176+ reviews needed),[exact_name],[confirmed]
461,C_not_flagged,Entity x809be2cd6b,913399325,auto,1,50.0,4.5,31000.0,19000.0,1.5,3282000.0,2024,0.0,-0.5,2.7,-3.0,false,true,false,not visibly busy vs category (65+ reviews needed),['fallback:primary_candidate+website'],[single_source]
462,C_not_flagged,Entity xaeeb5df913,917152163,auto,1,40.0,5.0,32000.0,19000.0,1.0,236000.0,2024,0.0,-0.5,1.0,-0.4,false,false,false,too few reviews for the rating profile,[core_name+activity],[unverified]
462,C_not_flagged,Entity x5d6fe03758,984476531,auto,2,50.0,4.0,16000.0,19000.0,7.0,327000.0,2024,0.0,0.2,0.0,-0.7,false,false,false,not visibly busy vs category (65+ reviews needed),"[exact_name, 'fallback:primary_candidate+website']","[confirmed, single_source]"
464,C_not_flagged,Entity xb70557ee9d,977975184,hair_beauty,1,90.0,4.5,2900.0,3200.0,3.5,43000.0,2024,0.0,0.1,-0.4,0.2,false,false,true,taxes in line with peers,[exact_name],[unverified]
465,C_not_flagged,Entity x040589a887,930870810,auto,1,150.0,4.5,60000.0,66000.0,5.5,7927000.0,2024,0.0,0.1,1.4,-2.6,false,false,false,taxes in line with peers,[exact_name],[unverified]
466,C_not_flagged,Entity xcf5d874472,908318101,hair_beauty,1,60.0,4.5,2400.0,2900.0,4.0,37000.0,2024,0.0,0.2,-0.5,0.0,false,false,false,taxes in line with peers,[core_name+activity],[unverified]
467,C_not_flagged,Entity x5dacef3a70,929342559,nightlife,1,950.0,4.5,143000.0,90000.0,21.0,1215000.0,2024,-0.1,-0.5,0.8,-0.3,false,false,false,taxes in line with peers,['fallback:job_ads+trademark+vmvt'],[confirmed]
468,C_not_flagged,Entity x233c2613b7,943836332,hair_beauty,1,40.0,4.5,4000.0,2900.0,1.5,30000.0,2024,-0.1,-0.3,0.2,0.2,false,false,false,not visibly busy vs category (49+ reviews needed),[core_name+activity],[unverified]
469,C_not_flagged,Entity xeba0805913,980615986,auto,1,80.0,4.5,33000.0,29000.0,9.0,305000.0,2024,-0.1,-0.1,0.0,0.0,false,false,false,taxes in line with peers,[exact_name],[unverified]
470,C_not_flagged,Entity x46ae38640d,984334932,auto,1,80.0,5.0,44000.0,29000.0,4.5,304000.0,2024,-0.1,-0.4,0.5,0.0,false,false,false,not visibly busy vs category (176+ reviews needed),['fallback:primary_candidate+website'],[single_source]
470,C_not_flagged,Entity x3d4c6a2772,907778967,auto,1,10.0,5.0,30000.0,27000.0,8.0,261000.0,2024,-0.1,-0.1,0.0,-0.1,false,false,false,too few reviews for the rating profile,[exact_name],[unverified]
472,C_not_flagged,Entity xa02feddcc1,914574793,auto,1,20.0,5.0,26000.0,19000.0,5.0,150000.0,2024,-0.1,-0.3,0.2,0.1,false,false,false,too few reviews for the rating profile,[exact_name],[unverified]
473,C_not_flagged,Entity xebc6ff1651,915704706,auto,1,250.0,4.5,85000.0,66000.0,8.0,487000.0,2024,-0.1,-0.3,0.1,0.2,false,false,false,taxes in line with peers,[name_part+address],[confirmed]
474,C_not_flagged,Entity x97ef951d10,954687910,hair_beauty,1,400.0,5.0,14000.0,14000.0,2.5,136000.0,2024,-0.1,0.0,0.0,-0.4,false,false,false,taxes in line with peers,['fallback:website'],[single_source]
475,C_not_flagged,Entity xfd5de02d4a,934850489,hair_beauty,1,60.0,4.5,400.0,500.0,1.0,,,-0.1,0.3,-0.6,,true,false,false,taxes in line with peers,[address_only],[unverified]
476,C_not_flagged,Entity x592e50a063,956056106,auto,1,10.0,4.5,34000.0,27000.0,7.0,295000.0,2024,-0.1,-0.2,0.3,-0.2,false,false,false,too few reviews for the rating profile,[exact_name],[confirmed]
477,C_not_flagged,Entity x8e45e04328,966385158,auto,1,20.0,4.5,35000.0,27000.0,3.5,295000.0,2024,-0.1,-0.2,0.3,-0.2,false,false,false,too few reviews for the rating profile,[exact_name],[unverified]
478,C_not_flagged,Entity xd5a2e4e14e,901389123,nightlife,2,350.0,4.0,45000.0,39000.0,7.0,390000.0,2024,-0.1,-0.1,0.1,-0.3,false,false,false,not visibly busy vs category (470+ reviews needed),"[core_name+address, exact_name]","[confirmed, unverified]"
479,C_not_flagged,Entity x712f68ddfb,936779929,auto,1,10.0,5.0,40000.0,27000.0,3.0,275000.0,2025,-0.1,-0.4,0.4,-0.2,false,false,false,too few reviews for the rating profile,[exact_name],[confirmed]
480,C_not_flagged,Entity x9b9d0287a6,954615253,auto,1,200.0,4.5,66000.0,66000.0,12.5,1138000.0,2024,-0.1,0.0,0.1,-0.7,false,false,false,taxes in line with peers,[name_part+address],[confirmed]
481,C_not_flagged,Entity xa6819c0139,998317914,hair_beauty,1,10.0,4.5,2300.0,1300.0,2.0,8000.0,2024,-0.1,-0.6,0.0,1.0,false,false,false,too few reviews for the rating profile,[address_only],[unverified]
482,C_not_flagged,Entity x4b5bd5d2a5,901459078,nightlife,1,0.0,3.0,74000.0,36000.0,8.5,400000.0,2024,-0.1,-0.7,1.0,-0.3,false,false,false,too few reviews for the rating profile,[exact_name],[confirmed]
483,C_not_flagged,Entity xa41cb84292,957410260,nightlife,1,2500.0,4.5,120000.0,90000.0,27.5,729000.0,2024,-0.1,-0.3,-0.1,0.3,false,false,false,taxes in line with peers,['fallback:job_ads+vmvt'],[confirmed]
484,C_not_flagged,Entity x24bfc57749,970282613,auto,1,20.0,4.0,36000.0,27000.0,5.5,257000.0,2024,-0.1,-0.3,0.1,-0.1,false,false,false,too few reviews for the rating profile,['fallback:primary_candidate+website'],[single_source]
485,C_not_flagged,Entity x11a24fdc05,922193445,hair_beauty,1,0.0,5.0,700.0,500.0,0.0,26000.0,2024,-0.1,-0.3,-0.2,0.5,false,false,false,too few reviews for the rating profile,[exact_name],[unverified]
486,C_not_flagged,Entity xd3a8c43d6a,900325695,auto,1,60.0,4.5,62000.0,29000.0,3.0,176000.0,2024,-0.1,-0.7,0.5,0.5,false,false,false,not visibly busy vs category (65+ reviews needed),['fallback:primary_candidate+website'],[single_source]
487,C_not_flagged,Entity x82ffbd0d6a,900044406,auto,1,0.0,5.0,14000.0,12000.0,3.0,134000.0,2024,-0.1,-0.2,0.0,-0.1,false,false,false,too few reviews for the rating profile,[exact_name],[unverified]
488,C_not_flagged,Entity x4a6677e462,958575822,nightlife,1,600.0,4.5,83000.0,56000.0,7.0,372000.0,2024,-0.1,-0.4,0.2,0.1,false,false,false,taxes in line with peers,['fallback:vmvt'],[single_source]
489,C_not_flagged,Entity x0e3ebc0287,905043701,hair_beauty,1,450.0,5.0,22000.0,14000.0,5.0,95000.0,2024,-0.1,-0.5,0.4,0.0,false,false,false,taxes in line with peers,[address_only],[confirmed]
490,C_not_flagged,Entity x8df1257d71,955612791,auto,1,0.0,1.0,23000.0,12000.0,1.0,113000.0,2024,-0.1,-0.7,0.7,0.1,false,false,false,too few reviews for the rating profile,[exact_name],[unverified]
491,C_not_flagged,Entity x0790cb8a51,971524674,auto,1,40.0,5.0,46000.0,29000.0,6.5,300000.0,2024,-0.1,-0.4,0.3,0.0,false,false,false,too few reviews for the rating profile,[core_name+activity],[unverified]
492,C_not_flagged,Entity x1d8ef884dc,992018411,nightlife,1,350.0,4.5,55000.0,39000.0,7.5,293000.0,2024,-0.1,-0.3,0.0,0.0,false,false,false,not visibly busy vs category (470+ reviews needed),[exact_name],[confirmed]
492,C_not_flagged,Entity xd873152644,987668034,hair_beauty,1,40.0,4.5,3800.0,2900.0,1.5,75000.0,2024,-0.1,-0.3,0.2,-0.4,false,false,false,not visibly busy vs category (49+ reviews needed),[exact_name],[unverified]
494,C_not_flagged,Entity xbeb2b49faf,943820201,hair_beauty,1,10.0,5.0,1800.0,1100.0,0.0,22000.0,2025,-0.1,-0.5,0.0,0.5,false,false,false,too few reviews for the rating profile,[exact_name],[unverified]
495,C_not_flagged,Entity x8d0fe845fd,960926776,nightlife,1,70.0,4.5,29000.0,42000.0,16.0,333000.0,2024,-0.2,0.4,-0.9,-0.4,false,false,false,not visibly busy vs category (470+ reviews needed),['fallback:vmvt'],[single_source]
496,C_not_flagged,Entity xf4bc1fa1f1,921735929,hair_beauty,1,0.0,,2800.0,1500.0,1.5,14000.0,2024,-0.2,-0.6,0.0,0.8,false,false,false,too few reviews for the rating profile,[exact_name],[unverified]
497,C_not_flagged,Entity x54e0c4ccc4,951161488,nightlife,3,100.0,4.0,60000.0,42000.0,12.5,397000.0,2024,-0.2,-0.4,0.4,-0.6,false,false,false,not visibly busy vs category (470+ reviews needed),"[exact_name, 'fallback:vmvt']","[single_source, confirmed]"
498,C_not_flagged,Entity x9dc79c4581,945853452,hair_beauty,1,20.0,5.0,700.0,500.0,0.0,42000.0,2024,-0.2,-0.2,0.0,-0.3,false,false,false,too few reviews for the rating profile,[exact_name],[confirmed]
498,C_not_flagged,Entity xd26155a327,990416549,hair_beauty,1,10.0,5.0,1500.0,1300.0,1.0,55000.0,2024,-0.2,-0.1,0.3,-0.9,false,false,false,too few reviews for the rating profile,[exact_name],[unverified]
500,C_not_flagged,Entity x6fb9cc8974,991193243,hair_beauty,1,10.0,5.0,1600.0,1300.0,1.0,44000.0,2024,-0.2,-0.3,0.3,-0.7,false,true,false,too few reviews for the rating profile,[core_name+activity],[confirmed_by_audit]
501,C_not_flagged,Entity x8186332132,983414381,auto,1,90.0,4.5,43000.0,29000.0,6.5,306000.0,2024,-0.2,-0.4,0.1,0.0,false,false,false,taxes in line with peers,[exact_name],[unverified]
501,C_not_flagged,Entity xfb31419cde,972768819,hair_beauty,1,0.0,5.0,1300.0,1100.0,0.0,56000.0,2024,-0.2,-0.1,0.0,-0.5,false,false,false,too few reviews for the rating profile,[exact_name],[confirmed]
503,C_not_flagged,Entity x5e6b8c107d,904402464,auto,1,20.0,3.5,2500.0,1600.0,1.0,11000.0,2024,-0.2,-0.4,-0.7,1.3,false,false,false,too few reviews for the rating profile,['fallback:primary_candidate+website'],[single_source]
504,C_not_flagged,Entity xd1f1ffdb69,909892867,auto,1,100.0,4.5,41000.0,25000.0,2.5,297000.0,2024,-0.2,-0.5,0.4,-0.2,false,false,false,taxes in line with peers,[exact_name],[unverified]
505,C_not_flagged,Entity xbaff06c439,992949771,auto,1,100.0,4.5,37000.0,29000.0,10.5,329000.0,2024,-0.2,-0.2,-0.2,-0.1,false,false,false,taxes in line with peers,[exact_name],[unverified]
505,C_not_flagged,Entity x72d358133a,941321110,nightlife,1,400.0,4.5,46000.0,39000.0,10.0,308000.0,2024,-0.2,-0.2,-0.3,0.0,false,false,false,not visibly busy vs category (470+ reviews needed),[exact_name],[confirmed_by_audit]
507,C_not_flagged,Entity x0c942898f1,975805041,auto,1,30.0,5.0,4500.0,5500.0,1.5,86000.0,2024,-0.2,0.2,-0.8,-0.3,false,false,false,too few reviews for the rating profile,[address_only],[unverified]
508,C_not_flagged,Entity xbbca0d999f,985959552,hair_beauty,1,150.0,4.5,4600.0,3200.0,2.0,50000.0,2024,-0.2,-0.4,0.0,0.0,false,false,false,taxes in line with peers,[exact_name],[confirmed]
509,C_not_flagged,Entity xe8fcf42d60,926017045,auto,1,50.0,5.0,6800.0,5500.0,0.0,101000.0,2024,-0.2,-0.2,0.0,-0.4,false,false,false,too few reviews for the rating profile,[core_name+activity],[unverified]
510,C_not_flagged,Entity x2e9734bcf1,959737242,auto,1,0.0,5.0,18000.0,12000.0,7.0,135000.0,2024,-0.2,-0.5,0.2,-0.1,false,false,false,too few reviews for the rating profile,[exact_name],[unverified]
510,C_not_flagged,Entity x76ba7156b1,937501596,auto,1,30.0,4.0,22000.0,19000.0,4.5,308000.0,2024,-0.2,-0.1,0.0,-0.6,false,false,false,too few reviews for the rating profile,[exact_name],[confirmed]
512,C_not_flagged,Entity x972fe4ba9e,956692697,nightlife,1,700.0,4.5,76000.0,56000.0,9.0,445000.0,2024,-0.2,-0.3,-0.1,-0.1,false,false,false,taxes in line with peers,[core_name+address],[confirmed]
513,C_not_flagged,Entity x88315d0fd4,996093454,auto,1,30.0,4.5,30000.0,19000.0,5.0,221000.0,2024,-0.2,-0.5,0.3,-0.3,false,false,false,too few reviews for the rating profile,[exact_name],[unverified]
514,C_not_flagged,Entity x3e2bc09522,935515020,auto,1,250.0,4.5,105000.0,66000.0,11.0,461000.0,2024,-0.2,-0.5,-0.1,0.2,false,false,false,taxes in line with peers,[exact_name],[confirmed]
515,C_not_flagged,Entity x844a1024a2,933282584,hair_beauty,1,150.0,4.5,20000.0,14000.0,5.0,163000.0,2024,-0.2,-0.4,0.3,-0.5,false,false,false,taxes in line with peers,[exact_name],[unverified]
516,C_not_flagged,Entity x8340416902,998546677,auto,1,0.0,5.0,1600.0,1600.0,1.0,44000.0,2024,-0.2,0.0,-0.7,-0.1,false,false,false,too few reviews for the rating profile,[exact_name],[confirmed_by_audit]
517,C_not_flagged,Entity x04de013e57,950113680,auto,1,0.0,,3700.0,3600.0,2.5,81000.0,2024,-0.2,0.0,-0.6,-0.2,false,false,false,too few reviews for the rating profile,[exact_name],[unverified]
518,C_not_flagged,Entity x67e3dd5b15,968971020,auto,2,150.0,4.0,96000.0,66000.0,14.5,785000.0,2024,-0.2,-0.4,0.0,-0.3,false,false,false,taxes in line with peers,[exact_name],[unverified]
519,C_not_flagged,Entity x77e3c54041,950604223,auto,1,20.0,5.0,16000.0,19000.0,8.0,485000.0,2024,-0.2,0.2,-0.4,-1.1,false,false,false,too few reviews for the rating profile,[exact_name],[confirmed]
520,C_not_flagged,Entity x213c979d3d,925418789,auto,1,600.0,4.5,37000.0,25000.0,7.0,,,-0.2,-0.4,0.0,,false,false,false,taxes in line with peers,['fallback:primary_candidate+website'],[single_source]
521,C_not_flagged,Entity x4d03495f6c,911231100,auto,1,50.0,4.5,5500.0,5500.0,1.0,92000.0,2024,-0.2,0.0,-0.6,-0.3,false,false,false,not visibly busy vs category (65+ reviews needed),[exact_name],[unverified]
521,C_not_flagged,Entity x331670641c,967906256,auto,1,30.0,3.0,26000.0,19000.0,3.5,306000.0,2024,-0.2,-0.3,0.1,-0.6,false,false,false,too few reviews for the rating profile,[exact_name],[unverified]
523,C_not_flagged,Entity x27052597d8,959028210,hair_beauty,1,10.0,5.0,1300.0,1100.0,0.5,,,-0.2,-0.2,-0.3,,false,false,false,too few reviews for the rating profile,['fallback:website'],[single_source]
524,C_not_flagged,Entity x014e95657d,925533284,auto,1,10.0,4.5,44000.0,27000.0,6.0,317000.0,2024,-0.3,-0.5,0.2,-0.3,false,false,false,too few reviews for the rating profile,[core_name+activity],[unverified]
525,C_not_flagged,Entity x3eaf76b54d,931792303,hair_beauty,1,10.0,5.0,1100.0,1100.0,0.5,82000.0,2024,-0.3,0.0,-0.3,-0.9,false,false,false,too few reviews for the rating profile,[core_name+address],[unverified]
526,C_not_flagged,Entity x8a290e75bf,940889896,auto,1,10.0,3.0,2300.0,1600.0,0.5,33000.0,2023,-0.3,-0.4,-0.4,0.2,false,false,false,too few reviews for the rating profile,[exact_name],[unverified]
527,C_not_flagged,Entity xcacdbca81e,982241002,hair_beauty,1,0.0,,800.0,500.0,0.0,,,-0.3,-0.4,0.0,,false,false,false,too few reviews for the rating profile,[exact_name],[unverified]
528,C_not_flagged,Entity x054ce9f8d8,901053026,auto,1,40.0,4.0,10000.0,19000.0,4.0,3120000.0,2024,-0.3,0.6,0.0,-3.0,false,true,true,not visibly busy vs category (65+ reviews needed),[exact_name],[unverified]
529,C_not_flagged,Entity x9ecbc32f7e,990219482,auto,1,50.0,4.5,10000.0,5500.0,0.0,54000.0,2024,-0.3,-0.6,0.0,0.2,false,false,false,not visibly busy vs category (65+ reviews needed),[core_name+activity],[unverified]
530,C_not_flagged,Entity x20dfe04633,912492820,auto,1,50.0,4.5,4300.0,2200.0,0.0,44000.0,2024,-0.3,-0.7,0.0,0.3,false,false,false,not visibly busy vs category (65+ reviews needed),[address_only],[confirmed_by_audit]
531,C_not_flagged,Entity x5445d80be8,954135605,nightlife,1,750.0,4.5,86000.0,56000.0,21.5,914000.0,2024,-0.3,-0.4,0.3,-0.8,false,false,false,taxes in line with peers,['fallback:trademark+vmvt'],[confirmed]
532,C_not_flagged,Entity x5886bb7be4,994320747,auto,1,0.0,5.0,1600.0,1600.0,1.0,62000.0,2024,-0.3,0.0,-0.7,-0.4,false,false,false,too few reviews for the rating profile,[exact_name],[unverified]
533,C_not_flagged,Entity xca3ee36977,952123035,hair_beauty,2,70.0,4.5,3900.0,2900.0,0.0,76000.0,2024,-0.3,-0.3,0.0,-0.8,false,false,false,taxes in line with peers,['fallback:primary_candidate+website'],[single_source]
534,C_not_flagged,Entity xe2099911b3,950657032,hair_beauty,1,10.0,3.5,2500.0,1500.0,4.5,39000.0,2024,-0.3,-0.5,0.0,-0.2,false,false,false,too few reviews for the rating profile,[exact_name],[unverified]
535,C_not_flagged,Entity xc010eb40e6,998908728,hair_beauty,1,0.0,5.0,1600.0,500.0,0.0,11000.0,2024,-0.3,-1.1,0.0,1.4,false,false,false,too few reviews for the rating profile,[exact_name],[unverified]
536,C_not_flagged,Entity x81a8bb5d9c,997963037,auto,1,60.0,4.5,9500.0,5500.0,0.5,64000.0,2024,-0.3,-0.5,-0.1,0.0,false,false,false,not visibly busy vs category (65+ reviews needed),[exact_name],[confirmed]
537,C_not_flagged,Entity xdf445df018,926786276,auto,1,0.0,,19000.0,12000.0,3.5,122000.0,2024,-0.3,-0.5,-0.2,0.0,false,false,false,too few reviews for the rating profile,[exact_name],[confirmed]
538,C_not_flagged,Entity x6b9addf8a0,993194419,hair_beauty,2,150.0,5.0,2700.0,2900.0,3.0,,,-0.3,0.1,-1.0,,false,false,false,taxes in line with peers,[exact_name],[unverified]
539,C_not_flagged,Entity x80b583aa19,986398741,auto,1,80.0,4.5,111000.0,66000.0,11.5,715000.0,2024,-0.3,-0.5,0.0,-0.2,false,false,false,taxes in line with peers,[name_part+address],[confirmed]
540,C_not_flagged,Entity x3bbd673a93,966749710,nightlife,3,300.0,4.5,26000.0,14000.0,1.5,127000.0,2024,-0.3,-0.6,0.0,0.0,false,false,false,not visibly busy vs category (470+ reviews needed),"['fallback:primary_candidate+vmvt+website', 'fallback:vmvt']","[confirmed, single_source]"
541,C_not_flagged,Entity x56c45601a2,956526513,auto,1,50.0,4.5,26000.0,19000.0,4.5,355000.0,2024,-0.3,-0.3,0.0,-0.8,false,false,false,not visibly busy vs category (65+ reviews needed),[exact_name],[confirmed]
542,C_not_flagged,Entity xab99b57d7b,963245614,hair_beauty,1,70.0,5.0,5100.0,2900.0,2.0,48000.0,2024,-0.3,-0.6,0.0,-0.2,false,false,false,too few reviews for the rating profile,['fallback:website'],[single_source]
543,C_not_flagged,Entity xb28df1afb7,914957614,auto,1,50.0,4.5,33000.0,19000.0,6.0,192000.0,2024,-0.3,-0.5,-0.1,-0.2,false,false,false,not visibly busy vs category (65+ reviews needed),[exact_name],[unverified]
544,C_not_flagged,Entity x8366acbb8a,907874588,nightlife,1,0.0,4.0,103000.0,36000.0,7.5,316000.0,2024,-0.4,-1.0,0.7,-0.2,false,false,false,too few reviews for the rating profile,['fallback:vmvt'],[single_source]
545,C_not_flagged,Entity x3924cb0857,987927473,nightlife,1,0.0,,102000.0,36000.0,11.5,494000.0,2024,-0.4,-1.0,0.8,-0.5,false,false,false,too few reviews for the rating profile,[address_only],[confirmed]
546,C_not_flagged,Entity x93084d44ce,965376478,hair_beauty,1,100.0,5.0,6900.0,3200.0,2.0,45000.0,2024,-0.4,-0.8,0.0,0.1,false,false,true,taxes in line with peers,[exact_name],[unverified]
547,C_not_flagged,Entity x210b5b5b5b,961070755,hair_beauty,3,400.0,5.0,14000.0,14000.0,3.5,360000.0,2024,-0.4,0.0,-0.3,-1.3,false,false,false,taxes in line with peers,[exact_name],"[confirmed, unverified]"
548,C_not_flagged,Entity x56d42ac98a,950906697,auto,1,150.0,4.5,46000.0,29000.0,10.0,436000.0,2024,-0.4,-0.4,-0.3,-0.4,false,false,false,taxes in line with peers,[exact_name],[unverified]
549,C_not_flagged,Entity x550e37e3cb,955578776,auto,1,150.0,4.5,59000.0,29000.0,8.5,297000.0,2024,-0.4,-0.7,-0.1,0.0,false,false,false,taxes in line with peers,[exact_name],[confirmed]
550,C_not_flagged,Entity xc80f5f4aa9,948793115,auto,1,20.0,4.5,36000.0,19000.0,5.5,340000.0,2024,-0.4,-0.6,0.2,-0.7,false,false,false,too few reviews for the rating profile,[exact_name],[confirmed]
551,C_not_flagged,Entity xa47b29f193,991630437,auto,1,250.0,4.0,118000.0,66000.0,16.0,658000.0,2024,-0.4,-0.6,-0.3,-0.1,false,false,false,taxes in line with peers,[exact_name],[unverified]
552,C_not_flagged,Entity x8e3a5893f0,945337725,auto,1,100.0,4.5,50000.0,29000.0,9.0,390000.0,2024,-0.4,-0.5,-0.3,-0.3,false,false,false,taxes in line with peers,[exact_name],[unverified]
553,C_not_flagged,Entity x6ea719cdf5,971521846,nightlife,2,6250.0,4.5,129000.0,61000.0,29.0,806000.0,2024,-0.4,-0.7,-0.1,0.0,false,false,false,taxes in line with peers,['fallback:vmvt'],[single_source]
554,C_not_flagged,Entity xf4ed842191,961218945,nightlife,1,1750.0,4.5,170000.0,90000.0,18.5,1215000.0,2024,-0.4,-0.6,-0.1,-0.3,false,false,false,taxes in line with peers,['fallback:vmvt'],[single_source]
555,C_not_flagged,Entity x130d0ea7d1,901381667,hair_beauty,1,90.0,4.5,5300.0,2900.0,1.5,38000.0,2024,-0.4,-0.6,-0.4,-0.1,false,false,false,taxes in line with peers,[exact_name],[unverified]
556,C_not_flagged,Entity xb9d0305572,915242367,auto,1,70.0,5.0,77000.0,29000.0,3.0,488000.0,2024,-0.4,-1.0,0.5,-0.5,false,false,false,too few reviews for the rating profile,[exact_name],[unverified]
557,C_not_flagged,Entity x699bd0a13d,941075338,hair_beauty,1,50.0,5.0,11000.0,3200.0,1.0,38000.0,2024,-0.4,-1.2,0.4,0.3,false,true,false,too few reviews for the rating profile,[exact_name],[confirmed]
558,C_not_flagged,Entity x7f2cf85ea2,922240061,auto,1,0.0,,22000.0,12000.0,5.0,209000.0,2024,-0.4,-0.7,0.1,-0.6,false,false,false,too few reviews for the rating profile,[exact_name],[confirmed]
558,C_not_flagged,Entity xd37ba1fbd5,952074226,auto,1,0.0,5.0,7500.0,12000.0,6.0,1746000.0,2024,-0.4,0.4,-0.3,-2.7,false,false,false,too few reviews for the rating profile,[exact_name],[confirmed]
560,C_not_flagged,Entity xa729561577,979745080,auto,1,10.0,4.5,31000.0,27000.0,9.5,848000.0,2024,-0.4,-0.1,-0.3,-1.3,false,false,false,too few reviews for the rating profile,[exact_name],[unverified]
561,C_not_flagged,Entity x6126040323,903966126,auto,1,60.0,4.5,58000.0,29000.0,5.0,547000.0,2024,-0.4,-0.7,0.1,-0.6,false,false,false,not visibly busy vs category (65+ reviews needed),[exact_name],[confirmed]
562,C_not_flagged,Entity xb271071822,920070835,auto,1,0.0,,39000.0,12000.0,1.0,144000.0,2024,-0.4,-1.2,0.7,-0.2,false,false,false,too few reviews for the rating profile,[exact_name+activity],[unverified]
563,C_not_flagged,Entity x3ccee7ade0,947861750,hair_beauty,1,30.0,4.5,4300.0,1300.0,1.0,16000.0,2024,-0.4,-1.2,0.3,0.3,false,true,false,not visibly busy vs category (49+ reviews needed),[exact_name],[unverified]
564,C_not_flagged,Entity x0aba28d911,965509170,nightlife,1,100.0,4.5,68000.0,39000.0,19.5,303000.0,2024,-0.4,-0.5,-0.6,0.0,false,false,false,not visibly busy vs category (470+ reviews needed),['fallback:primary_candidate+vmvt'],[single_source]
565,C_not_flagged,Entity x3b555b3bc2,988901981,auto,1,150.0,4.5,133000.0,66000.0,11.5,519000.0,2024,-0.4,-0.7,-0.4,0.1,false,false,false,taxes in line with peers,[exact_name],[confirmed]
565,C_not_flagged,Entity xfa55d36edb,926421858,auto,1,60.0,4.0,69000.0,29000.0,7.0,323000.0,2024,-0.4,-0.9,0.0,-0.1,false,false,false,not visibly busy vs category (65+ reviews needed),[exact_name],[unverified]
567,C_not_flagged,Entity xc2359b81f8,998041398,hair_beauty,1,70.0,4.5,5500.0,2900.0,3.5,40000.0,2024,-0.4,-0.7,-0.4,0.0,false,false,false,taxes in line with peers,['fallback:website'],[single_source]
568,C_not_flagged,Entity x5738b110b9,900448411,hair_beauty,1,10.0,5.0,4300.0,1500.0,1.0,32000.0,2024,-0.5,-1.1,0.2,0.0,false,true,false,too few reviews for the rating profile,[exact_name],[unverified]
569,C_not_flagged,Entity x8b9c60b1a0,953412613,hair_beauty,1,0.0,3.5,1000.0,500.0,0.0,,,-0.5,-0.7,0.0,,false,false,false,too few reviews for the rating profile,[address_only],[unverified]
570,C_not_flagged,Entity xceb3eeed12,902981978,auto,1,0.0,5.0,4000.0,1600.0,0.0,42000.0,2024,-0.5,-0.9,0.0,0.0,false,false,false,too few reviews for the rating profile,[exact_name],[unverified]
571,C_not_flagged,Entity x227e41c8d6,964904860,auto,1,10.0,4.5,52000.0,27000.0,5.5,289000.0,2024,-0.5,-0.6,-0.3,-0.2,false,false,false,too few reviews for the rating profile,['fallback:primary_candidate+website'],[brand_site_code]
572,C_not_flagged,Entity x7d76648c85,946543679,hair_beauty,1,550.0,4.5,36000.0,14000.0,8.0,90000.0,2024,-0.5,-1.0,0.0,0.0,false,false,false,taxes in line with peers,[address_only],[unverified]
573,C_not_flagged,Entity x12bb2e28a7,942600675,auto,1,10.0,3.5,41000.0,27000.0,10.0,456000.0,2024,-0.5,-0.4,-0.5,-0.7,false,false,false,too few reviews for the rating profile,[exact_name],[confirmed]
574,C_not_flagged,Entity x45609f91b3,996303065,auto,1,80.0,4.0,62000.0,29000.0,7.0,666000.0,2024,-0.5,-0.7,0.2,-0.8,false,false,false,taxes in line with peers,[exact_name],[confirmed]
575,C_not_flagged,Entity xf7bb07cb1f,961697298,auto,1,30.0,4.0,11000.0,5500.0,2.0,34000.0,2024,-0.5,-0.7,-0.9,0.7,false,false,false,not visibly busy vs category (65+ reviews needed),[core_name+activity],[unverified]
576,C_not_flagged,Entity xba2f5fa8c8,931126024,auto,1,20.0,4.5,46000.0,19000.0,4.5,380000.0,2024,-0.5,-0.9,0.4,-0.9,false,false,false,too few reviews for the rating profile,[exact_name],[confirmed]
577,C_not_flagged,Entity x7f9d1a0d74,923682458,auto,1,70.0,4.5,74000.0,29000.0,7.5,438000.0,2024,-0.5,-0.9,0.1,-0.4,false,false,false,taxes in line with peers,[exact_name],[unverified]
578,C_not_flagged,Entity xdb8e6f86f7,902955108,auto,1,100.0,5.0,70000.0,29000.0,6.0,461000.0,2024,-0.5,-0.9,0.0,-0.4,false,false,false,not visibly busy vs category (176+ reviews needed),[exact_name],[unverified]
579,C_not_flagged,Entity xeba98296b2,972914678,auto,1,0.0,,27000.0,12000.0,15.5,58000.0,2024,-0.5,-0.9,-0.8,0.7,false,false,false,too few reviews for the rating profile,[exact_name],[unverified]
580,C_not_flagged,Entity x0a05f8c1f7,964575606,nightlife,1,2000.0,3.5,213000.0,90000.0,35.0,1577000.0,2024,-0.5,-0.9,0.0,-0.5,false,false,false,taxes in line with peers,['fallback:job_ads+vmvt'],[confirmed]
581,C_not_flagged,Entity xf36038f72f,998133515,hair_beauty,1,20.0,5.0,2200.0,1300.0,6.0,38000.0,2024,-0.5,-0.6,-0.5,-0.6,false,false,false,too few reviews for the rating profile,[name_part+address],[unverified]
582,C_not_flagged,Entity xefdfae9065,985444217,hair_beauty,1,90.0,4.5,11000.0,3200.0,1.0,59000.0,2024,-0.5,-1.2,0.4,-0.2,false,false,false,taxes in line with peers,[exact_name],[unverified]
583,C_not_flagged,Entity xc29dda15ee,924524476,auto,1,0.0,,27000.0,12000.0,6.5,233000.0,2024,-0.5,-0.8,0.1,-0.7,false,false,false,too few reviews for the rating profile,[exact_name],[unverified]
583,C_not_flagged,Entity x846488653b,919931805,nightlife,1,100.0,5.0,120000.0,42000.0,3.5,489000.0,2024,-0.5,-1.0,0.4,-0.8,false,false,false,not visibly busy vs category (1194+ reviews needed),['fallback:vmvt'],[single_source]
585,C_not_flagged,Entity xff2ac7ee45,907990597,hair_beauty,1,0.0,,1500.0,500.0,0.5,27000.0,2024,-0.5,-1.1,-0.2,0.5,false,false,false,too few reviews for the rating profile,['fallback:primary_candidate+website'],[single_source]
586,C_not_flagged,Entity x27ccd0398e,920244674,auto,1,10.0,5.0,4300.0,1600.0,0.0,58000.0,2024,-0.6,-1.0,0.0,-0.4,false,false,false,too few reviews for the rating profile,[exact_name],[unverified]
587,C_not_flagged,Entity x1449ee932a,967790155,hair_beauty,1,20.0,4.5,2400.0,1300.0,4.0,89000.0,2024,-0.6,-0.6,0.1,-1.4,false,false,false,too few reviews for the rating profile,[core_name+activity],[unverified]
588,C_not_flagged,Entity x6a7a5e6ab6,902606324,auto,1,10.0,5.0,61000.0,27000.0,7.5,359000.0,2024,-0.6,-0.8,-0.3,-0.4,false,false,false,too few reviews for the rating profile,[exact_name],[unverified]
589,C_not_flagged,Entity x68dec2441b,951271866,auto,1,0.0,,31000.0,12000.0,5.0,194000.0,2024,-0.6,-1.0,0.0,-0.5,false,false,false,too few reviews for the rating profile,[exact_name],[unverified]
589,C_not_flagged,Entity x060dfe501d,971004720,auto,1,40.0,4.5,8100.0,5500.0,3.5,59000.0,2024,-0.6,-0.4,-1.4,0.1,false,false,false,not visibly busy vs category (65+ reviews needed),[exact_name],[unverified]
591,C_not_flagged,Entity xc2d110c877,985526593,auto,2,450.0,4.0,131000.0,66000.0,22.0,1047000.0,2024,-0.6,-0.7,-0.4,-0.6,false,false,false,taxes in line with peers,[exact_name],[unverified]
592,C_not_flagged,Entity x446c9a2332,933154626,hair_beauty,1,100.0,4.5,8400.0,3200.0,7.0,68000.0,2024,-0.6,-1.0,-0.2,-0.3,false,false,false,taxes in line with peers,[core_name+address],[unverified]
593,C_not_flagged,Entity xdc76b07685,924808960,auto,1,0.0,5.0,3600.0,1600.0,0.0,78000.0,2024,-0.6,-0.8,-0.2,-0.7,false,false,false,too few reviews for the rating profile,[exact_name],[unverified]
594,C_not_flagged,Entity x7ee8deaaa5,933237796,auto,1,150.0,4.0,140000.0,66000.0,16.5,704000.0,2024,-0.6,-0.8,-0.6,-0.2,false,false,false,taxes in line with peers,[exact_name],[conflict]
595,C_not_flagged,Entity x94eeed8130,907793942,nightlife,1,80.0,4.5,95000.0,42000.0,10.0,612000.0,2024,-0.6,-0.8,0.0,-1.0,false,false,false,not visibly busy vs category (470+ reviews needed),['fallback:vmvt'],[single_source]
596,C_not_flagged,Entity x35f68235e2,962796452,nightlife,1,3250.0,4.5,232000.0,90000.0,23.0,1144000.0,2024,-0.6,-0.9,-0.3,-0.2,false,false,false,taxes in line with peers,['fallback:vmvt'],[single_source]
597,C_not_flagged,Entity xdfe5c8bee8,908459463,hair_beauty,5,1250.0,4.5,8900.0,2900.0,0.0,50000.0,2023,-0.6,-1.1,0.0,-0.4,false,false,false,taxes in line with peers,[exact_name],[unverified]
598,C_not_flagged,Entity xcf15be4549,993474579,auto,1,30.0,4.0,43000.0,19000.0,7.5,428000.0,2024,-0.6,-0.8,-0.1,-1.0,false,false,false,too few reviews for the rating profile,[exact_name],[confirmed]
599,C_not_flagged,Entity x67fbf700e7,978483769,auto,1,0.0,,32000.0,12000.0,6.0,198000.0,2024,-0.6,-1.0,-0.1,-0.5,false,false,false,too few reviews for the rating profile,[exact_name],[unverified]
600,C_not_flagged,Entity x4994720503,916918627,auto,2,20.0,4.5,5000.0,2200.0,0.0,178000.0,2024,-0.6,-0.8,0.0,-1.1,false,false,false,too few reviews for the rating profile,[exact_name],"[confirmed, unverified]"
601,C_not_flagged,Entity x65f15904c9,955009562,auto,1,90.0,4.5,67000.0,29000.0,13.0,358000.0,2024,-0.6,-0.8,-0.6,-0.2,false,false,false,taxes in line with peers,['fallback:website'],[single_source]
602,C_not_flagged,Entity x8bd9241a8d,929883947,auto,1,200.0,5.0,190000.0,66000.0,7.5,848000.0,2024,-0.6,-1.1,-0.1,-0.4,false,false,false,taxes in line with peers,[exact_name],[confirmed]
603,C_not_flagged,Entity x5cdb8b9b63,909809899,auto,1,150.0,4.5,77000.0,29000.0,9.0,555000.0,2024,-0.7,-1.0,-0.2,-0.6,false,false,false,taxes in line with peers,[exact_name],[confirmed]
604,C_not_flagged,Entity x61e932e321,909020356,hair_beauty,1,10.0,5.0,2000.0,1100.0,2.0,42000.0,2024,-0.7,-0.6,-1.1,-0.2,false,false,false,too few reviews for the rating profile,[exact_name],[unverified]
605,C_not_flagged,Entity xecb7b172b0,900253854,auto,1,80.0,4.0,6200.0,5500.0,8.0,65000.0,2024,-0.7,-0.1,-2.1,0.0,false,false,false,taxes in line with peers,[exact_name],[confirmed]
606,C_not_flagged,Entity x9cced57638,958490761,hair_beauty,1,40.0,3.5,13000.0,3200.0,1.0,84000.0,2025,-0.7,-1.4,0.4,-0.5,false,false,false,too few reviews for the rating profile,[exact_name],[unverified]
607,C_not_flagged,Entity x14772beb06,970486634,auto,1,10.0,5.0,70000.0,27000.0,5.5,445000.0,2024,-0.7,-0.9,-0.2,-0.6,false,false,false,too few reviews for the rating profile,[exact_name],[unverified]
608,C_not_flagged,Entity x31d6f6e1aa,934746778,nightlife,2,100.0,4.5,77000.0,42000.0,15.0,754000.0,2024,-0.7,-0.6,-0.4,-1.2,false,false,false,not visibly busy vs category (470+ reviews needed),['fallback:vmvt'],[single_source]
609,C_not_flagged,Entity x0e792f3ead,946468582,hair_beauty,1,150.0,5.0,9000.0,2900.0,1.0,44000.0,2024,-0.7,-1.1,-0.2,-0.2,false,false,false,taxes in line with peers,[exact_name],[unverified]
610,C_not_flagged,Entity xb3f5d87ea6,980538154,auto,1,10.0,4.0,62000.0,27000.0,5.5,385000.0,2024,-0.7,-0.8,-0.6,-0.5,false,false,false,too few reviews for the rating profile,['fallback:website'],[single_source]
611,C_not_flagged,Entity x8749006ff0,909698393,hair_beauty,2,70.0,4.5,5400.0,2900.0,6.0,164000.0,2024,-0.7,-0.6,-0.3,-1.5,false,false,false,taxes in line with peers,"[name_part+address, 'fallback:primary_candidate+website']","[confirmed, single_source]"
612,C_not_flagged,Entity x4a8498a8de,957342338,auto,1,10.0,4.5,48000.0,27000.0,7.0,646000.0,2024,-0.7,-0.6,-0.7,-1.0,false,false,false,too few reviews for the rating profile,[exact_name],[confirmed]
613,C_not_flagged,Entity xf2b4c3f9d8,995966105,hair_beauty,1,100.0,5.0,13000.0,3200.0,1.0,77000.0,2024,-0.7,-1.4,0.4,-0.4,false,false,false,taxes in line with peers,[exact_name],[unverified]
614,C_not_flagged,Entity x2731938b83,982274571,auto,1,0.0,,12000.0,12000.0,3.0,4037000.0,2024,-0.7,0.0,0.1,-3.5,false,false,false,too few reviews for the rating profile,['fallback:primary_candidate+website'],[single_source]
615,C_not_flagged,Entity x488d4b5620,991524097,auto,1,0.0,5.0,16000.0,3600.0,0.0,58000.0,2024,-0.7,-1.5,0.0,0.2,false,false,false,too few reviews for the rating profile,[exact_name],[confirmed]
616,C_not_flagged,Entity xf50117929c,939256760,nightlife,2,550.0,5.0,68000.0,14000.0,9.0,372000.0,2024,-0.7,-1.6,1.0,-1.1,false,false,false,not visibly busy vs category (1194+ reviews needed),"['fallback:vmvt', exact_name]","[unverified, single_source]"
617,C_not_flagged,Entity x5ab0e96e62,977069521,hair_beauty,1,10.0,5.0,4500.0,1500.0,1.5,72000.0,2024,-0.7,-1.1,0.0,-0.8,false,false,false,too few reviews for the rating profile,[address_only],[unverified]
618,C_not_flagged,Entity xe6c76095cc,993310312,auto,1,400.0,5.0,123000.0,66000.0,10.0,3601000.0,2024,-0.7,-0.6,-0.1,-1.8,false,false,false,taxes in line with peers,[core_name+activity],[unverified]
619,C_not_flagged,Entity xefde5a4c51,976729327,nightlife,1,150.0,4.5,85000.0,39000.0,9.5,531000.0,2024,-0.7,-0.8,-0.7,-0.6,false,false,false,not visibly busy vs category (470+ reviews needed),[exact_name],[confirmed]
620,C_not_flagged,Entity x313b7e2ed0,989828611,auto,2,0.0,1.5,45000.0,12000.0,2.0,227000.0,2024,-0.7,-1.4,0.3,-0.6,false,false,false,too few reviews for the rating profile,[exact_name],"[confirmed, unverified]"
621,C_not_flagged,Entity x6e7549f5c0,931071400,auto,1,10.0,4.5,62000.0,27000.0,11.5,493000.0,2024,-0.7,-0.8,-0.6,-0.7,false,false,false,too few reviews for the rating profile,[exact_name],[confirmed]
622,C_not_flagged,Entity xaabce12eac,908505872,auto,1,0.0,5.0,6500.0,1600.0,0.0,49000.0,2024,-0.7,-1.4,0.0,-0.2,false,false,false,too few reviews for the rating profile,[exact_name],[unverified]
623,C_not_flagged,Entity x622e92c98c,970699948,auto,1,200.0,4.0,163000.0,66000.0,27.0,1051000.0,2024,-0.7,-0.9,-0.6,-0.6,false,false,false,taxes in line with peers,[core_name+address],[unverified]
624,C_not_flagged,Entity x4beb1fbe76,921973544,auto,1,0.0,,11000.0,3600.0,3.0,63000.0,2024,-0.7,-1.1,-0.7,0.1,false,false,false,too few reviews for the rating profile,[exact_name],[unverified]
625,C_not_flagged,Entity x50fe2bbc10,985660606,auto,1,90.0,4.0,77000.0,29000.0,12.5,504000.0,2024,-0.7,-1.0,-0.6,-0.5,false,false,false,taxes in line with peers,[exact_name],[unverified]
626,C_not_flagged,Entity x5f6443afd6,936965489,nightlife,1,1250.0,4.0,150000.0,56000.0,16.0,761000.0,2024,-0.8,-1.0,-0.4,-0.6,false,false,false,taxes in line with peers,['fallback:primary_candidate+vmvt'],[single_source]
627,C_not_flagged,Entity x7befec49f6,991670320,auto,1,60.0,4.5,68000.0,29000.0,7.5,729000.0,2024,-0.8,-0.8,-0.5,-0.9,false,false,false,not visibly busy vs category (65+ reviews needed),[exact_name],[unverified]
628,C_not_flagged,Entity xbde65445e5,953994730,auto,1,40.0,4.5,49000.0,19000.0,8.5,322000.0,2024,-0.8,-0.9,-0.5,-0.7,false,false,false,not visibly busy vs category (65+ reviews needed),[exact_name],[confirmed]
629,C_not_flagged,Entity xa90d869b31,957986633,auto,1,350.0,4.0,163000.0,66000.0,23.5,1108000.0,2024,-0.8,-0.9,-0.6,-0.6,false,false,false,taxes in line with peers,[exact_name],[confirmed]
630,C_not_flagged,Entity x502da792d8,915169177,auto,1,0.0,5.0,32000.0,12000.0,4.5,277000.0,2024,-0.8,-1.0,-0.3,-0.8,false,false,false,too few reviews for the rating profile,[exact_name],[unverified]
631,C_not_flagged,Entity x6cf4cbdfc4,948259632,auto,1,10.0,5.0,85000.0,27000.0,5.0,452000.0,2024,-0.8,-1.1,-0.3,-0.7,false,false,false,too few reviews for the rating profile,[exact_name],[confirmed]
631,C_not_flagged,Entity x5b5a79a1e3,945836835,hair_beauty,1,10.0,4.5,4800.0,1300.0,2.0,40000.0,2024,-0.8,-1.3,0.0,-0.6,false,false,false,too few reviews for the rating profile,[core_name+activity],[unverified]
633,C_not_flagged,Entity xdca1454b0f,910392339,auto,1,30.0,5.0,73000.0,19000.0,4.0,309000.0,2024,-0.8,-1.3,0.1,-0.7,false,false,false,too few reviews for the rating profile,[exact_name],[unverified]
634,C_not_flagged,Entity x73e350607b,943270667,auto,1,10.0,5.0,78000.0,27000.0,6.5,849000.0,2024,-0.8,-1.1,0.0,-1.3,false,false,false,too few reviews for the rating profile,[exact_name],[unverified]
635,C_not_flagged,Entity xf8c3664fe0,918822089,auto,1,0.0,5.0,12000.0,3600.0,0.0,203000.0,2024,-0.8,-1.2,0.0,-1.1,false,false,false,too few reviews for the rating profile,[exact_name],[unverified]
636,C_not_flagged,Entity x18524991b3,900670445,nightlife,1,700.0,3.5,117000.0,56000.0,24.0,1014000.0,2024,-0.8,-0.7,-0.8,-0.9,false,false,false,taxes in line with peers,['fallback:primary_candidate+vmvt'],[single_source]
637,C_not_flagged,Entity x7d1b37f30a,956263930,auto,1,300.0,4.5,208000.0,66000.0,19.0,1097000.0,2024,-0.8,-1.2,-0.3,-0.6,false,false,false,taxes in line with peers,[exact_name],[confirmed]
638,C_not_flagged,Entity x73315277ec,974182875,auto,5,450.0,4.5,152000.0,66000.0,26.0,1632000.0,2024,-0.8,-0.8,-0.6,-1.0,false,false,false,taxes in line with peers,[exact_name],[unverified]
639,C_not_flagged,Entity x66381c0e3f,974897432,auto,1,100.0,4.5,80000.0,29000.0,8.5,1311000.0,2024,-0.8,-1.0,-0.1,-1.5,false,false,false,taxes in line with peers,['fallback:website'],[single_source]
640,C_not_flagged,Entity xe4b04b9b98,933865434,nightlife,1,1250.0,4.5,290000.0,90000.0,19.5,1419000.0,2024,-0.8,-1.2,-0.6,-0.4,false,false,false,taxes in line with peers,[exact_name],[confirmed]
641,C_not_flagged,Entity xfb1c6cd538,903568971,auto,1,10.0,4.5,8300.0,2200.0,0.0,137000.0,2024,-0.8,-1.3,0.0,-0.9,false,false,false,too few reviews for the rating profile,[exact_name],[unverified]
642,C_not_flagged,Entity x727cbb8db0,948136337,auto,1,50.0,5.0,8200.0,2200.0,0.0,144000.0,2024,-0.8,-1.3,0.0,-0.9,false,false,false,too few reviews for the rating profile,[exact_name],[unverified]
643,C_not_flagged,Entity x5ad4661dfb,992807515,nightlife,1,0.0,5.0,98000.0,36000.0,44.0,1230000.0,2024,-0.9,-1.0,-0.2,-1.5,false,false,false,too few reviews for the rating profile,['fallback:vmvt'],[single_source]
644,C_not_flagged,Entity x562433920c,984020791,auto,1,150.0,3.5,199000.0,66000.0,20.0,1249000.0,2024,-0.9,-1.1,-0.5,-0.8,false,false,false,taxes in line with peers,[exact_name],[confirmed]
645,C_not_flagged,Entity x727c7305e3,931276840,auto,1,10.0,4.5,6900.0,1600.0,0.0,79000.0,2024,-0.9,-1.5,0.0,-0.7,false,false,false,too few reviews for the rating profile,['fallback:listing_url+primary_candidate'],[single_source]
646,C_not_flagged,Entity xa86d896edb,910645453,auto,1,100.0,4.0,93000.0,29000.0,10.0,597000.0,2024,-0.9,-1.2,-0.5,-0.7,false,false,false,taxes in line with peers,[exact_name],[unverified]
647,C_not_flagged,Entity x4dc3216344,974115123,auto,1,100.0,4.5,106000.0,29000.0,12.0,464000.0,2024,-0.9,-1.3,-0.5,-0.4,false,false,false,taxes in line with peers,[exact_name],[unverified]
648,C_not_flagged,Entity x6a4693bed1,959011304,auto,2,250.0,4.5,183000.0,66000.0,24.5,1437000.0,2024,-0.9,-1.0,-0.6,-0.9,false,false,false,taxes in line with peers,[exact_name],[unverified]
649,C_not_flagged,Entity x719c73e743,973372688,nightlife,1,0.0,,148000.0,36000.0,14.0,1033000.0,2024,-0.9,-1.4,0.2,-1.2,false,false,false,too few reviews for the rating profile,['fallback:vmvt'],[single_source]
650,C_not_flagged,Entity x484eb256cd,936682088,auto,1,10.0,5.0,65000.0,19000.0,14.0,237000.0,2024,-0.9,-1.2,-0.7,-0.4,false,false,false,too few reviews for the rating profile,[exact_name],[confirmed]
651,C_not_flagged,Entity xdea4ec8ae5,924528552,auto,3,1500.0,4.5,207000.0,66000.0,25.5,1206000.0,2024,-0.9,-1.1,-0.6,-0.7,false,false,false,taxes in line with peers,[core_name+activity],[unverified]
652,C_not_flagged,Entity x0902a53ad7,966681554,hair_beauty,1,0.0,,7400.0,1500.0,1.0,62000.0,2024,-0.9,-1.6,0.1,-0.7,false,false,false,too few reviews for the rating profile,[exact_name],[unverified]
653,C_not_flagged,Entity x97ad8af0c5,916171474,hair_beauty,1,40.0,5.0,2800.0,500.0,1.0,17000.0,2024,-0.9,-1.6,-0.7,0.6,false,false,false,too few reviews for the rating profile,[exact_name],[unverified]
654,C_not_flagged,Entity xafc895bcc1,940495504,nightlife,1,3750.0,4.5,290000.0,90000.0,36.0,1493000.0,2024,-0.9,-1.2,-0.8,-0.5,false,false,false,taxes in line with peers,['fallback:vmvt'],[single_source]
655,C_not_flagged,Entity xc671e98d07,951937956,auto,1,50.0,4.5,5800.0,2200.0,3.5,,,-0.9,-1.0,-0.9,,false,false,false,not visibly busy vs category (65+ reviews needed),['fallback:website'],[single_source]
656,C_not_flagged,Entity xdd7a107169,931616526,hair_beauty,1,0.0,,5500.0,1500.0,4.5,38000.0,2024,-0.9,-1.3,-0.9,-0.2,false,false,false,too few reviews for the rating profile,['fallback:primary_candidate+website'],[single_source]
657,C_not_flagged,Entity x381d4beed6,979150713,hair_beauty,1,90.0,5.0,18000.0,3200.0,2.0,76000.0,2025,-1.0,-1.7,0.0,-0.4,false,false,false,not visibly busy vs category (100+ reviews needed),[exact_name],[unverified]
658,C_not_flagged,Entity x998dada393,982616981,auto,1,0.0,,62000.0,12000.0,4.5,223000.0,2024,-1.0,-1.7,0.0,-0.6,false,false,false,too few reviews for the rating profile,[address_only],[rejected_by_audit]
659,C_not_flagged,Entity x383c20be2f,998528236,nightlife,1,10.0,5.0,160000.0,36000.0,20.0,730000.0,2024,-1.0,-1.5,-0.2,-0.9,false,false,false,too few reviews for the rating profile,[address_only],[confirmed]
660,C_not_flagged,Entity x7cb37deb57,953565570,hair_beauty,1,20.0,4.0,1900.0,500.0,0.5,,,-1.0,-1.3,-0.5,,false,false,false,too few reviews for the rating profile,[exact_name],[unverified]
661,C_not_flagged,Entity xef6097c071,941870463,auto,1,10.0,4.0,70000.0,27000.0,15.0,1036000.0,2024,-1.0,-0.9,-0.7,-1.5,false,false,false,too few reviews for the rating profile,[exact_name],[unverified]
662,C_not_flagged,Entity xd2c16bfa94,982105138,auto,1,20.0,4.0,80000.0,27000.0,10.0,835000.0,2024,-1.0,-1.1,-0.6,-1.3,false,false,false,too few reviews for the rating profile,[exact_name],[unverified]
663,C_not_flagged,Entity xe6831621e3,986423929,nightlife,1,750.0,4.5,183000.0,56000.0,16.5,654000.0,2024,-1.0,-1.2,-1.0,-0.5,false,false,false,taxes in line with peers,['fallback:vmvt'],[single_source]
664,C_not_flagged,Entity xa6c8cdf05c,978751616,hair_beauty,1,30.0,5.0,17000.0,2900.0,1.0,123000.0,2024,-1.0,-1.8,0.4,-1.2,false,false,false,too few reviews for the rating profile,['fallback:website'],[single_source]
665,C_not_flagged,Entity x43b7a13268,962511419,hair_beauty,1,1250.0,5.0,57000.0,14000.0,13.5,158000.0,2024,-1.0,-1.4,-0.6,-0.5,false,false,false,taxes in line with peers,['fallback:job_ads'],[brand_level_only]
666,C_not_flagged,Entity x2b5fd198ec,938347629,auto,1,250.0,4.5,273000.0,66000.0,13.0,854000.0,2024,-1.0,-1.4,-0.7,-0.4,false,false,false,taxes in line with peers,[exact_name],[unverified]
666,C_not_flagged,Entity xc15cdb795d,963316035,hair_beauty,1,30.0,4.5,18000.0,2900.0,5.5,81000.0,2024,-1.0,-1.9,0.2,-0.8,false,false,false,not visibly busy vs category (49+ reviews needed),['fallback:website'],[single_source]
668,C_not_flagged,Entity x5c41fadd2b,951428194,auto,1,50.0,5.0,103000.0,19000.0,7.0,491000.0,2024,-1.0,-1.7,0.1,-1.1,false,false,false,too few reviews for the rating profile,['fallback:primary_candidate+website'],[single_source]
669,D_insufficient_evidence,Entity x0835972770,962233227,auto,1,20.0,4.5,,2200.0,2.0,356000.0,2024,-1.1,,-0.5,-1.8,false,false,false,no VMI tax record (absence is not proof of zero),[exact_name],[unverified]
670,C_not_flagged,Entity x6ec1779aaf,914369718,hair_beauty,1,600.0,4.5,58000.0,14000.0,5.5,376000.0,2024,-1.1,-1.4,-0.2,-1.4,false,false,false,taxes in line with peers,[exact_name],[confirmed]
671,C_not_flagged,Entity x2151352b7e,968110484,auto,1,80.0,4.5,64000.0,29000.0,11.0,3445000.0,2024,-1.1,-0.8,-0.7,-2.4,false,false,false,taxes in line with peers,[exact_name],[unverified]
672,C_not_flagged,Entity x9198458462,987360471,auto,1,10.0,4.5,10000.0,1600.0,0.0,95000.0,2024,-1.1,-1.8,0.0,-0.8,false,false,false,too few reviews for the rating profile,['fallback:website'],[single_source]
673,C_not_flagged,Entity x0a80ba8ad2,901751730,auto,1,350.0,4.5,258000.0,66000.0,15.0,1590000.0,2024,-1.1,-1.4,-0.7,-1.0,false,false,false,taxes in line with peers,[exact_name],[confirmed]
674,C_not_flagged,Entity x329450fbb1,995220786,nightlife,1,750.0,5.0,188000.0,56000.0,16.5,969000.0,2024,-1.1,-1.2,-1.1,-0.9,false,false,false,not visibly busy vs category (1194+ reviews needed),[exact_name],[confirmed]
675,C_not_flagged,Entity x5a9701cbc3,916692612,hair_beauty,1,200.0,4.5,14000.0,2900.0,1.5,,,-1.1,-1.6,-0.4,,false,false,false,taxes in line with peers,[core_name+address],[unverified]
676,C_not_flagged,Entity x0166b8be36,997765422,hair_beauty,1,40.0,4.5,17000.0,2900.0,5.0,93000.0,2024,-1.1,-1.8,-0.2,-0.9,false,false,false,not visibly busy vs category (49+ reviews needed),['fallback:primary_candidate+website'],[single_source]
677,C_not_flagged,Entity x5947a641e4,966886309,hair_beauty,1,200.0,5.0,16000.0,2900.0,1.0,112000.0,2025,-1.1,-1.7,-0.2,-1.2,false,false,false,taxes in line with peers,[exact_name],[unverified]
678,C_not_flagged,Entity xde44d2b586,974254225,auto,1,30.0,4.5,98000.0,19000.0,11.5,409000.0,2024,-1.2,-1.6,-0.5,-0.9,false,false,false,not visibly busy vs category (65+ reviews needed),[exact_name],[confirmed]
679,C_not_flagged,Entity x5fc3069c41,934165165,auto,1,10.0,4.5,120000.0,27000.0,7.0,973000.0,2024,-1.2,-1.5,-0.4,-1.4,false,false,false,too few reviews for the rating profile,[exact_name],[unverified]
680,C_not_flagged,Entity x2d75f3b347,923036393,auto,1,250.0,4.0,281000.0,66000.0,26.5,1468000.0,2024,-1.2,-1.5,-0.8,-0.9,false,false,false,taxes in line with peers,[name_part+address],[confirmed]
681,C_not_flagged,Entity xacf6adc260,977129329,auto,2,100.0,4.5,77000.0,29000.0,12.5,3361000.0,2024,-1.2,-1.0,-0.7,-2.4,false,false,false,taxes in line with peers,"['fallback:primary_candidate+website', exact_name]","[unverified, single_source]"
682,C_not_flagged,Entity x4311fe3c76,958880278,nightlife,1,250.0,2.5,205000.0,42000.0,34.5,1049000.0,2024,-1.2,-1.6,-0.3,-1.5,false,false,false,not visibly busy vs category (1194+ reviews needed),['fallback:primary_candidate+vmvt'],[single_source]
683,C_not_flagged,Entity x33312a94cd,960809211,hair_beauty,1,30.0,5.0,3200.0,1100.0,3.5,,,-1.2,-1.0,-1.4,,false,false,false,too few reviews for the rating profile,[address_only],[unverified]
684,C_not_flagged,Entity xab614e2360,911118614,hair_beauty,1,90.0,4.5,24000.0,3200.0,5.0,151000.0,2024,-1.2,-2.0,0.1,-1.1,false,false,false,taxes in line with peers,[exact_name],[unverified]
685,C_not_flagged,Entity x3f39006f0c,952963452,auto,2,350.0,4.0,270000.0,66000.0,31.0,1815000.0,2024,-1.2,-1.4,-0.9,-1.1,false,false,false,taxes in line with peers,[core_name+activity],[confirmed]
685,C_not_flagged,Entity x8a17f7cd7e,946320464,hair_beauty,1,0.0,,4300.0,500.0,0.0,85000.0,2025,-1.2,-2.2,0.0,-0.7,false,false,false,too few reviews for the rating profile,[exact_name],[unverified]
687,C_not_flagged,Entity x1963280503,963873834,nightlife,2,1000.0,4.5,571000.0,90000.0,22.5,1717000.0,2024,-1.2,-1.8,-0.6,-0.6,false,false,false,taxes in line with peers,[exact_name],[unverified]
687,C_not_flagged,Entity x4d9920a5ab,973063346,nightlife,1,1250.0,4.5,419000.0,90000.0,41.0,1918000.0,2024,-1.2,-1.5,-1.0,-0.7,false,false,false,taxes in line with peers,[core_name+activity],[confirmed]
689,C_not_flagged,Entity xb56a7d7eb9,976617795,auto,1,150.0,4.0,119000.0,29000.0,17.0,957000.0,2024,-1.2,-1.4,-1.0,-1.2,false,false,false,taxes in line with peers,[exact_name],[unverified]
690,C_not_flagged,Entity x9c667765f8,903768626,auto,1,0.0,4.0,83000.0,12000.0,3.0,411000.0,2024,-1.2,-2.0,0.0,-1.2,false,false,false,too few reviews for the rating profile,[exact_name],[confirmed]
691,C_not_flagged,Entity x3bec4bb7d2,968658801,auto,1,40.0,4.0,133000.0,29000.0,13.5,1027000.0,2024,-1.2,-1.5,-0.8,-1.2,false,false,false,not visibly busy vs category (65+ reviews needed),[exact_name],[confirmed]
691,C_not_flagged,Entity x40105494c5,982690319,hair_beauty,2,100.0,5.0,20000.0,3200.0,3.0,176000.0,2024,-1.2,-1.8,-0.3,-1.3,false,false,false,not visibly busy vs category (100+ reviews needed),"[exact_name, 'fallback:website']","[single_source, confirmed]"
693,C_not_flagged,Entity xbd66c203a2,939331938,hair_beauty,1,40.0,5.0,15000.0,2900.0,4.0,165000.0,2024,-1.3,-1.6,-0.5,-1.5,false,false,false,too few reviews for the rating profile,[exact_name],[unverified]
694,C_not_flagged,Entity xfcc9bfcba5,936420458,hair_beauty,1,0.0,,12000.0,1500.0,2.0,71000.0,2024,-1.3,-2.1,-0.2,-0.8,false,false,false,too few reviews for the rating profile,[exact_name],[confirmed]
695,C_not_flagged,Entity xa687b71236,922219839,hair_beauty,1,30.0,5.0,8900.0,1300.0,5.0,87000.0,2024,-1.3,-2.0,-0.1,-1.4,false,false,false,too few reviews for the rating profile,[address_only],[confirmed_by_audit]
696,C_not_flagged,Entity x4579f83714,957718768,hair_beauty,1,150.0,4.5,14000.0,2900.0,4.5,78000.0,2024,-1.3,-1.5,-1.2,-0.8,false,false,false,taxes in line with peers,[exact_name],[unverified]
697,C_not_flagged,Entity x38be0ba468,990265775,nightlife,1,70.0,5.0,159000.0,28000.0,24.0,773000.0,2024,-1.3,-1.7,-0.6,-1.2,false,false,false,too few reviews for the rating profile,[core_name+activity],[confirmed_by_audit]
698,C_not_flagged,Entity x103904083b,966828633,auto,1,90.0,4.0,150000.0,29000.0,12.5,873000.0,2024,-1.3,-1.6,-0.9,-1.1,false,false,false,taxes in line with peers,[exact_name],[unverified]
699,C_not_flagged,Entity xcb1c2a2b5c,927007559,auto,1,10.0,4.5,12000.0,2200.0,3.5,132000.0,2024,-1.3,-1.7,-0.9,-0.8,false,false,false,too few reviews for the rating profile,['fallback:primary_candidate+website'],[single_source]
700,C_not_flagged,Entity x5cbc7efad5,953974885,auto,1,90.0,5.0,147000.0,29000.0,17.0,1180000.0,2024,-1.3,-1.6,-0.9,-1.4,false,false,false,not visibly busy vs category (176+ reviews needed),['fallback:primary_candidate+website'],[single_source]
701,C_not_flagged,Entity xd6c451f2ef,976809657,auto,1,0.0,,62000.0,12000.0,8.5,404000.0,2024,-1.4,-1.7,-0.9,-1.2,false,false,false,too few reviews for the rating profile,[exact_name],[conflict]
702,C_not_flagged,Entity xa5c9907944,930876066,auto,1,0.0,5.0,12000.0,1600.0,0.0,236000.0,2024,-1.4,-2.0,0.0,-1.8,false,false,false,too few reviews for the rating profile,['fallback:primary_candidate+website'],[single_source]
703,C_not_flagged,Entity x134f34e2ea,910630640,auto,1,150.0,4.5,749000.0,66000.0,6.5,3783000.0,2024,-1.4,-2.4,0.7,-1.9,false,false,false,taxes in line with peers,[exact_name],[confirmed]
704,C_not_flagged,Entity xd838b506e4,966895965,hair_beauty,1,0.0,,5100.0,500.0,0.0,134000.0,2024,-1.4,-2.3,0.0,-1.1,false,false,false,too few reviews for the rating profile,['fallback:primary_candidate+website'],[single_source]
705,C_not_flagged,Entity x7547b66428,963145018,auto,2,200.0,4.5,136000.0,25000.0,8.5,779000.0,2024,-1.4,-1.7,-1.1,-1.2,false,false,false,taxes in line with peers,[exact_name],"[unverified, confirmed]"
706,C_not_flagged,Entity x7f569e0ac7,995421617,hair_beauty,1,10.0,5.0,8500.0,1100.0,2.5,34000.0,2024,-1.4,-2.0,-1.3,0.0,false,false,false,too few reviews for the rating profile,[exact_name],[confirmed]
707,C_not_flagged,Entity xcfa152e188,987196534,auto,2,500.0,4.5,356000.0,66000.0,31.0,2023000.0,2024,-1.4,-1.7,-1.1,-1.2,false,false,false,taxes in line with peers,[exact_name],[confirmed]
708,C_not_flagged,Entity xa746144575,929645650,auto,1,50.0,4.5,107000.0,19000.0,18.5,481000.0,2024,-1.4,-1.7,-1.2,-1.1,false,false,false,not visibly busy vs category (65+ reviews needed),['fallback:website'],[single_source]
709,C_not_flagged,Entity x0d8c60de7e,971776525,nightlife,1,20.0,4.0,229000.0,36000.0,29.5,1651000.0,2024,-1.4,-1.8,-0.6,-1.7,false,false,false,too few reviews for the rating profile,['fallback:vmvt'],[single_source]
710,C_not_flagged,Entity x54820498ed,999612839,hair_beauty,1,40.0,5.0,2700.0,500.0,4.0,57000.0,2024,-1.4,-1.6,-1.6,-0.6,false,false,false,too few reviews for the rating profile,[address_only],[unverified]
710,C_not_flagged,Entity x7315544ebc,945953604,auto,1,0.0,,111000.0,12000.0,4.5,502000.0,2024,-1.4,-2.3,0.0,-1.4,false,false,false,too few reviews for the rating profile,[exact_name],[unverified]
710,C_not_flagged,Entity x05cd0e6004,967608261,auto,1,60.0,4.5,145000.0,29000.0,27.0,1005000.0,2024,-1.4,-1.6,-1.3,-1.2,false,false,false,not visibly busy vs category (65+ reviews needed),[exact_name],[confirmed]
713,C_not_flagged,Entity x1e661c5c8c,911324889,auto,1,70.0,4.5,150000.0,29000.0,19.5,1329000.0,2024,-1.4,-1.6,-1.1,-1.5,false,false,false,taxes in line with peers,[exact_name],[unverified]
714,C_not_flagged,Entity x9da6edee8f,981966430,auto,1,30.0,5.0,93000.0,19000.0,16.0,893000.0,2024,-1.4,-1.6,-1.0,-1.7,false,false,false,too few reviews for the rating profile,[exact_name],[confirmed]
715,C_not_flagged,Entity xc6370736ef,946541604,nightlife,1,20.0,4.0,309000.0,36000.0,21.0,1327000.0,2024,-1.4,-2.1,-0.3,-1.5,false,false,false,too few reviews for the rating profile,['fallback:vmvt'],[single_source]
716,D_insufficient_evidence,Entity xac561a33d0,906768356,auto,1,20.0,4.5,,27000.0,7.5,1878000.0,2024,-1.5,,-1.1,-2.1,false,false,false,no VMI tax record (absence is not proof of zero),['fallback:website'],[single_source]
716,C_not_flagged,Entity xb52d707d0e,965399772,auto,1,0.0,,29000.0,3600.0,2.5,270000.0,2024,-1.5,-2.1,-0.5,-1.4,false,false,false,too few reviews for the rating profile,[exact_name],[unverified]
718,C_not_flagged,Entity xc9d0b62924,946530179,auto,1,30.0,4.5,124000.0,19000.0,8.5,699000.0,2024,-1.5,-1.9,-0.9,-1.5,false,false,false,too few reviews for the rating profile,[exact_name],[unverified]
719,C_not_flagged,Entity x1ad0616d4d,990073014,auto,1,0.0,5.0,77000.0,12000.0,5.5,955000.0,2024,-1.5,-1.9,-0.5,-2.1,false,false,false,too few reviews for the rating profile,[exact_name],[confirmed]
720,C_not_flagged,Entity xbdf0208356,935279012,auto,1,90.0,4.5,164000.0,29000.0,18.0,1025000.0,2024,-1.5,-1.7,-1.4,-1.2,false,false,false,taxes in line with peers,[exact_name],[confirmed]
721,C_not_flagged,Entity x16fa49bcb3,934738680,nightlife,1,450.0,4.5,130000.0,14000.0,18.5,939000.0,2024,-1.5,-2.2,0.0,-2.0,false,false,false,not visibly busy vs category (470+ reviews needed),['fallback:job_ads'],[brand_level_only]
722,C_not_flagged,Entity x8708c717d7,969716694,auto,1,20.0,4.0,118000.0,19000.0,10.5,612000.0,2024,-1.5,-1.8,-1.2,-1.3,false,false,false,too few reviews for the rating profile,[exact_name],[confirmed]
723,C_not_flagged,Entity x6debdbc717,972000075,nightlife,1,30.0,4.0,293000.0,36000.0,34.0,1622000.0,2024,-1.5,-2.1,-0.5,-1.7,false,false,false,too few reviews for the rating profile,['fallback:vmvt'],[single_source]
724,C_not_flagged,Entity xfbb4298043,908956875,auto,1,300.0,3.5,395000.0,66000.0,25.0,2142000.0,2024,-1.5,-1.8,-1.3,-1.3,false,false,false,taxes in line with peers,[name_part+address],[confirmed_by_audit]
725,C_not_flagged,Entity x1822f43dd4,905647475,hair_beauty,1,10.0,5.0,14000.0,1100.0,0.0,142000.0,2024,-1.6,-2.5,0.0,-1.4,false,false,false,too few reviews for the rating profile,['fallback:website'],[single_source]
726,C_not_flagged,Entity xbb44c497ea,930460503,nightlife,1,1000.0,4.0,319000.0,56000.0,22.5,1148000.0,2024,-1.6,-1.8,-1.6,-1.0,false,false,false,taxes in line with peers,[core_name+address],[unverified]
727,C_not_flagged,Entity xa205fde7cb,918362667,nightlife,1,0.0,3.5,392000.0,36000.0,49.5,479000.0,2024,-1.6,-2.4,-1.0,-0.4,false,false,false,too few reviews for the rating profile,['fallback:primary_candidate+vmvt'],[single_source]
728,C_not_flagged,Entity x0af41d5a73,980764929,auto,1,150.0,4.5,185000.0,29000.0,20.0,1394000.0,2024,-1.6,-1.8,-1.2,-1.5,false,false,false,taxes in line with peers,[exact_name],[unverified]
729,C_not_flagged,Entity x0467875d02,999162303,auto,1,20.0,4.5,457000.0,27000.0,5.0,1403000.0,2024,-1.6,-2.8,0.5,-1.8,false,false,false,too few reviews for the rating profile,[name_part+address],[unverified]
730,C_not_flagged,Entity x2d13ec5ff6,993340472,hair_beauty,1,0.0,5.0,9900.0,500.0,0.0,79000.0,2024,-1.6,-3.0,0.0,-0.6,false,false,false,too few reviews for the rating profile,[exact_name],[unverified]
731,C_not_flagged,Entity xeebd6be871,926625259,hair_beauty,1,30.0,4.5,10000.0,1100.0,2.0,84000.0,2024,-1.6,-2.2,-1.1,-0.9,false,false,false,too few reviews for the rating profile,[core_name+activity],[confirmed_by_audit]
732,C_not_flagged,Entity xc927aed5ea,974162197,auto,1,10.0,5.0,276000.0,27000.0,3.0,5076000.0,2024,-1.6,-2.3,0.4,-3.1,false,false,false,too few reviews for the rating profile,['fallback:website'],[single_source]
733,C_not_flagged,Entity x76d8fedc11,960848820,hair_beauty,2,100.0,4.5,33000.0,3200.0,12.5,173000.0,2024,-1.7,-2.3,-0.8,-1.3,false,false,false,taxes in line with peers,[exact_name],"[unverified, confirmed]"
734,C_not_flagged,Entity x86a24f5eb3,974430448,auto,1,30.0,4.5,33000.0,2200.0,2.0,130000.0,2024,-1.7,-2.7,-0.5,-0.8,false,false,false,not visibly busy vs category (65+ reviews needed),[exact_name],[unverified]
735,C_not_flagged,Entity x94167d2612,909838549,hair_beauty,1,150.0,4.5,32000.0,3200.0,15.0,173000.0,2024,-1.7,-2.3,-0.9,-1.2,false,false,false,taxes in line with peers,[exact_name],[unverified]
736,C_not_flagged,Entity xabc8984348,936355185,nightlife,1,500.0,5.0,469000.0,39000.0,7.0,988000.0,2024,-1.7,-2.5,-0.7,-1.2,false,false,false,not visibly busy vs category (1194+ reviews needed),['fallback:job_ads+primary_candidate'],[single_source]
737,C_not_flagged,Entity x7abd65074a,962384224,hair_beauty,1,90.0,4.5,35000.0,3200.0,2.0,617000.0,2024,-1.7,-2.4,0.1,-2.5,false,false,false,taxes in line with peers,[address_only],[confirmed]
738,C_not_flagged,Entity x160c7882e3,917262349,auto,1,900.0,4.5,573000.0,66000.0,10.0,7162000.0,2024,-1.7,-2.2,-0.4,-2.5,false,false,false,taxes in line with peers,['fallback:job_ads'],[brand_level_only]
739,C_not_flagged,Entity xb4b8dde0a4,989468996,nightlife,1,200.0,4.0,172000.0,14000.0,23.5,804000.0,2024,-1.7,-2.5,-0.3,-1.8,false,false,false,not visibly busy vs category (470+ reviews needed),['fallback:vmvt'],[single_source]
740,C_not_flagged,Entity x2576371fb9,961194747,auto,1,10.0,3.5,13000.0,1600.0,2.0,,,-1.7,-2.1,-1.1,,false,false,false,too few reviews for the rating profile,[address_only],[conflict]
741,C_not_flagged,Entity x208b5038c8,918441699,hair_beauty,1,0.0,,7800.0,500.0,0.0,,,-1.7,-2.7,0.0,,false,false,false,too few reviews for the rating profile,[exact_name],[unverified]
742,C_not_flagged,Entity x1ad21d9d1c,942290136,hair_beauty,1,0.0,3.5,28000.0,1500.0,2.0,81000.0,2024,-1.7,-2.9,-0.3,-0.9,false,false,false,too few reviews for the rating profile,['fallback:listing_url+primary_candidate'],[single_source]
743,C_not_flagged,Entity xcea4a53713,941808560,auto,1,0.0,,53000.0,12000.0,3.5,11818000.0,2024,-1.7,-1.5,-0.2,-4.6,false,false,false,too few reviews for the rating profile,[exact_name],[unverified]
744,C_not_flagged,Entity xa2a077b7a6,986991601,auto,1,10.0,4.5,243000.0,27000.0,7.0,1650000.0,2024,-1.7,-2.2,-0.9,-2.0,false,false,false,too few reviews for the rating profile,['fallback:primary_candidate+website'],[single_source]
745,C_not_flagged,Entity x8518e558b9,973506545,hair_beauty,1,100.0,5.0,44000.0,3200.0,3.5,279000.0,2024,-1.8,-2.6,-0.3,-1.7,false,false,false,taxes in line with peers,[exact_name],[unverified]
746,C_not_flagged,Entity xaf19fcd71b,950999038,hair_beauty,1,70.0,4.5,8800.0,500.0,1.0,60000.0,2024,-1.8,-2.8,-0.8,-0.7,false,false,false,taxes in line with peers,[exact_name],[unverified]
747,C_not_flagged,Entity xa9a8262e55,960170604,hair_beauty,1,40.0,4.5,36000.0,2900.0,9.0,197000.0,2025,-1.8,-2.5,-0.7,-1.6,false,false,false,not visibly busy vs category (49+ reviews needed),[exact_name],[unverified]
748,C_not_flagged,"UAB ""Pliusai""",304314193,nightlife,6,6000.0,4.5,742000.0,90000.0,74.0,4289000.0,2024,-1.8,-2.1,-1.5,-1.5,false,false,false,taxes in line with peers,"['fallback:website', 'fallback:vmvt+website']","[confirmed, brand_site_code]"
749,C_not_flagged,Entity x42528da1cc,930942560,auto,1,10.0,5.0,33000.0,1600.0,0.0,175000.0,2025,-1.8,-3.0,0.0,-1.5,false,false,false,too few reviews for the rating profile,[address_only],[unverified]
750,C_not_flagged,Entity xc33cd908ff,906699693,hair_beauty,1,20.0,5.0,40000.0,2900.0,6.5,148000.0,2024,-1.8,-2.6,-0.8,-1.4,false,false,false,too few reviews for the rating profile,[exact_name],[unverified]
751,C_not_flagged,Entity x34b06039ab,933280525,auto,1,60.0,4.5,363000.0,29000.0,8.0,1825000.0,2024,-1.8,-2.5,-0.7,-1.8,false,false,false,not visibly busy vs category (65+ reviews needed),[exact_name],[unverified]
752,C_not_flagged,Entity xc899ae5ae8,980744912,auto,2,0.0,4.0,116000.0,12000.0,9.0,597000.0,2024,-1.8,-2.3,-1.2,-1.6,false,false,false,too few reviews for the rating profile,[exact_name],"[confirmed, unverified]"
753,C_not_flagged,Entity xf1d3a2a344,969002385,nightlife,2,400.0,4.5,293000.0,39000.0,52.0,895000.0,2024,-1.9,-2.0,-2.1,-1.1,false,false,false,not visibly busy vs category (470+ reviews needed),[analyst_override],[confirmed_by_audit]
754,C_not_flagged,Entity x8e2f39bbab,983207584,auto,2,40.0,4.0,179000.0,19000.0,16.0,1377000.0,2024,-1.9,-2.2,-1.1,-2.1,false,false,false,not visibly busy vs category (65+ reviews needed),[exact_name],"[unverified, confirmed]"
755,C_not_flagged,Entity xb79f3d50de,956393179,auto,1,200.0,4.5,540000.0,66000.0,50.0,3502000.0,2024,-1.9,-2.1,-1.5,-1.8,false,false,false,taxes in line with peers,[exact_name],[unverified]
755,C_not_flagged,Entity x96dceb5edc,985834025,auto,1,0.0,5.0,91000.0,12000.0,9.0,2048000.0,2024,-1.9,-2.1,-0.9,-2.8,false,false,false,too few reviews for the rating profile,[exact_name],[confirmed]
757,C_not_flagged,Entity x43ece09308,959075317,hair_beauty,1,0.0,,25000.0,1500.0,3.0,160000.0,2024,-1.9,-2.8,-0.5,-1.6,false,false,false,too few reviews for the rating profile,[exact_name],[unverified]
758,C_not_flagged,Entity x086dc1fb5d,998933527,auto,2,150.0,4.5,502000.0,66000.0,76.5,3096000.0,2024,-1.9,-2.0,-1.8,-1.7,false,false,false,taxes in line with peers,['fallback:website'],[brand_site_code]
759,C_not_flagged,Entity xbce8627273,970102295,auto,2,0.0,,154000.0,12000.0,5.0,1148000.0,2024,-2.0,-2.6,-0.7,-2.3,false,false,false,too few reviews for the rating profile,['fallback:website'],[single_source]
760,C_not_flagged,Entity x33eaad2dc9,920822980,hair_beauty,1,150.0,5.0,144000.0,14000.0,16.0,708000.0,2024,-2.0,-2.4,-1.4,-2.0,false,false,false,taxes in line with peers,['fallback:website'],[single_source]
761,C_not_flagged,Entity xf73e691dfb,923605529,nightlife,1,0.0,,353000.0,36000.0,70.0,3715000.0,2024,-2.0,-2.3,-1.2,-2.5,false,false,false,too few reviews for the rating profile,['fallback:vmvt'],[single_source]
762,C_not_flagged,Entity x52cdd9cf51,976015942,nightlife,1,200.0,4.5,365000.0,42000.0,43.0,2836000.0,2024,-2.0,-2.2,-1.4,-2.5,false,false,false,not visibly busy vs category (470+ reviews needed),['fallback:primary_candidate+vmvt'],[single_source]
763,C_not_flagged,Entity xd17fb44546,915490606,auto,1,0.0,4.0,306000.0,27000.0,17.5,1036000.0,2024,-2.0,-2.4,-1.8,-1.5,false,false,false,too few reviews for the rating profile,[exact_name],[confirmed]
764,C_not_flagged,Entity x7681844099,941684821,auto,1,0.0,,108000.0,12000.0,32.0,785000.0,2024,-2.0,-2.2,-1.8,-1.9,false,false,false,too few reviews for the rating profile,['fallback:website'],[single_source]
765,C_not_flagged,Entity xaea8b569ef,921357463,hair_beauty,1,100.0,5.0,87000.0,2900.0,0.0,267000.0,2024,-2.1,-3.4,0.0,-2.0,false,false,false,taxes in line with peers,[exact_name],[confirmed]
766,C_not_flagged,Entity x2c6bb95239,982296528,hair_beauty,1,100.0,4.5,67000.0,3200.0,8.0,276000.0,2024,-2.1,-3.0,-0.8,-1.7,false,false,false,taxes in line with peers,[name_part+address],[unverified]
767,C_not_flagged,Entity x8bb0fdb17c,986772427,hair_beauty,1,10.0,5.0,32000.0,1100.0,1.0,136000.0,2024,-2.1,-3.3,-0.7,-1.4,false,false,false,too few reviews for the rating profile,[exact_name],[confirmed]
768,C_not_flagged,Entity xaf0325fce2,957092796,auto,1,150.0,4.5,328000.0,29000.0,27.5,1805000.0,2024,-2.1,-2.4,-1.9,-1.8,false,false,false,taxes in line with peers,[exact_name],[unverified]
769,C_not_flagged,Entity x4c3a7946b2,926490394,auto,1,200.0,4.5,703000.0,66000.0,47.0,4139000.0,2024,-2.2,-2.4,-1.9,-2.0,false,false,false,taxes in line with peers,[name_part+address],[unverified]
770,C_not_flagged,Entity x57b042f68f,949315403,auto,1,20.0,4.5,320000.0,19000.0,10.5,1237000.0,2024,-2.2,-2.8,-1.2,-2.0,false,false,false,too few reviews for the rating profile,[exact_name],[confirmed]
771,C_not_flagged,Entity x289f9a4391,953030548,hair_beauty,1,30.0,5.0,42000.0,1100.0,0.0,203000.0,2024,-2.2,-3.6,-0.1,-1.8,false,false,false,too few reviews for the rating profile,['fallback:website'],[single_source]
772,C_not_flagged,Entity x004f3844f7,946460339,auto,1,0.0,1.0,385000.0,12000.0,2.0,2058000.0,2024,-2.2,-3.5,0.3,-2.8,false,false,false,too few reviews for the rating profile,['fallback:website'],[single_source]
773,C_not_flagged,Entity x892a0eb356,928265785,nightlife,3,800.0,4.5,694000.0,56000.0,45.0,2629000.0,2024,-2.3,-2.5,-2.1,-1.9,false,false,false,taxes in line with peers,"['fallback:vmvt', 'fallback:website']",[single_source]
774,C_not_flagged,Entity x16b703927c,994758093,auto,1,0.0,,247000.0,12000.0,9.0,754000.0,2024,-2.3,-3.1,-1.2,-1.8,false,false,false,too few reviews for the rating profile,['fallback:primary_candidate+website'],[single_source]
775,C_not_flagged,Entity xa6a02949e5,917686947,auto,1,150.0,4.0,718000.0,66000.0,39.0,10234000.0,2024,-2.3,-2.4,-1.8,-2.9,false,false,false,taxes in line with peers,[exact_name],[unverified]
776,C_not_flagged,Entity xd22331cc93,901179076,auto,2,150.0,4.5,389000.0,29000.0,31.5,2300000.0,2024,-2.3,-2.6,-2.0,-2.0,false,false,false,taxes in line with peers,[exact_name],"[confirmed, unverified]"
777,C_not_flagged,Entity x4d03a99bac,925792380,hair_beauty,24,1750.0,4.0,412000.0,14000.0,8.0,2069000.0,2024,-2.4,-3.4,-0.2,-3.1,false,false,false,taxes in line with peers,"[exact_name, 'fallback:job_ads+website', 'fallback:website', 'fallback:serp+website']","[confirmed, unverified, confirmed_by_audit, brand_site_code]"
778,C_not_flagged,Entity x5873bd6fbd,922700115,auto,1,70.0,4.5,438000.0,29000.0,22.5,4638000.0,2024,-2.4,-2.7,-1.7,-2.7,false,false,false,taxes in line with peers,[exact_name],[unverified]
779,C_not_flagged,Entity x927de77f72,952456521,auto,1,30.0,4.5,281000.0,19000.0,21.5,2038000.0,2024,-2.4,-2.7,-1.9,-2.5,false,false,false,too few reviews for the rating profile,[exact_name],[unverified]
780,C_not_flagged,Entity x7864263215,932879184,nightlife,13,1250.0,4.5,575000.0,56000.0,79.5,5504000.0,2024,-2.4,-2.3,-2.5,-2.6,false,false,false,taxes in line with peers,"['fallback:primary_candidate+vmvt', exact_name]","[unverified, confirmed, single_source]"
781,C_not_flagged,Entity xd5663ac765,949526623,nightlife,1,30.0,4.5,588000.0,36000.0,80.0,5592000.0,2024,-2.4,-2.8,-1.6,-2.9,false,false,false,too few reviews for the rating profile,[address_only],[confirmed_by_audit]
782,C_not_flagged,Entity x853c85b775,987924836,nightlife,2,250.0,4.0,575000.0,42000.0,64.5,3208000.0,2024,-2.4,-2.6,-2.0,-2.7,false,false,false,not visibly busy vs category (470+ reviews needed),['fallback:vmvt'],[single_source]
783,C_not_flagged,Entity x96b2e63a98,910944801,auto,1,150.0,4.5,1081000.0,66000.0,59.0,5560000.0,2024,-2.4,-2.8,-2.0,-2.2,false,false,false,taxes in line with peers,['fallback:website'],[single_source]
784,C_not_flagged,Entity xcc43fb2423,948324633,nightlife,2,150.0,4.5,482000.0,42000.0,64.0,4457000.0,2023,-2.5,-2.4,-2.2,-3.0,false,false,false,not visibly busy vs category (470+ reviews needed),['fallback:vmvt'],[single_source]
785,C_not_flagged,Entity xa4583f0a1e,921705085,auto,5,2500.0,4.5,1090000.0,66000.0,71.5,7084000.0,2024,-2.5,-2.8,-1.9,-2.5,false,false,false,taxes in line with peers,"['fallback:trademark', 'fallback:job_ads+trademark']",[brand_level_only]
786,C_not_flagged,Entity xc9311937a7,913658305,hair_beauty,1,30.0,5.0,25000.0,1300.0,7.0,472000.0,2024,-2.5,-3.0,-1.2,-3.1,false,false,false,too few reviews for the rating profile,[address_only],[confirmed]
787,C_not_flagged,Entity x792b8aa973,916915559,auto,1,10.0,4.5,609000.0,27000.0,28.5,3298000.0,2024,-2.6,-3.1,-1.7,-2.6,false,false,false,too few reviews for the rating profile,['fallback:website'],[single_source]
788,C_not_flagged,Entity xd784050ca2,920369114,auto,1,0.0,,284000.0,12000.0,11.5,2087000.0,2024,-2.6,-3.2,-1.5,-2.9,false,false,false,too few reviews for the rating profile,['fallback:website'],[single_source]
789,C_not_flagged,Entity xa7285e5da5,923725922,hair_beauty,1,60.0,4.5,55000.0,2900.0,23.0,355000.0,2024,-2.6,-2.9,-2.4,-2.2,false,false,false,taxes in line with peers,['fallback:primary_candidate+website'],[single_source]
790,C_not_flagged,Entity xf03b7559b4,962549912,auto,1,0.0,4.5,447000.0,12000.0,5.0,3408000.0,2024,-2.7,-3.7,-0.5,-3.3,false,false,false,too few reviews for the rating profile,[exact_name],[unverified]
791,C_not_flagged,Entity xa78722f4c0,948888909,nightlife,1,600.0,4.5,932000.0,56000.0,75.5,4051000.0,2024,-2.7,-2.8,-2.7,-2.3,false,false,false,taxes in line with peers,['fallback:trademark'],[brand_level_only]
792,C_not_flagged,Entity x5ee1626368,911334419,auto,1,10.0,3.5,1080000.0,27000.0,17.5,4798000.0,2024,-2.8,-3.7,-1.1,-3.0,false,false,false,too few reviews for the rating profile,[exact_name],[confirmed]
793,C_not_flagged,Entity xb562b60ff6,965922023,auto,1,10.0,4.5,1300.0,1600.0,4.0,61000.0,2024,-2.8,0.2,-9.4,-0.4,false,false,false,too few reviews for the rating profile,[exact_name],[unverified]
794,C_not_flagged,Entity x6de11203e8,937315142,hair_beauty,1,0.0,,69000.0,1500.0,11.5,348000.0,2024,-2.8,-3.8,-1.4,-2.4,false,false,false,too few reviews for the rating profile,[address_only],[unverified]
795,C_not_flagged,Entity x5029d1e47c,945293392,auto,1,0.0,4.0,328000.0,12000.0,29.0,1739000.0,2024,-2.8,-3.3,-2.0,-2.7,false,false,false,too few reviews for the rating profile,['fallback:website'],[single_source]
796,C_not_flagged,Entity x58e1e833f8,986606013,nightlife,1,70.0,4.5,799000.0,42000.0,113.5,5393000.0,2024,-2.8,-2.9,-2.4,-3.2,false,false,false,not visibly busy vs category (470+ reviews needed),['fallback:vmvt'],[single_source]
797,C_not_flagged,Entity x656907ec1e,978886251,hair_beauty,1,20.0,5.0,66000.0,1300.0,5.0,318000.0,2024,-2.8,-4.0,-1.1,-2.7,false,false,false,too few reviews for the rating profile,['fallback:website'],[single_source]
798,C_not_flagged,Entity x655e7c5b9d,987710074,auto,1,200.0,4.5,2012000.0,66000.0,35.0,16187000.0,2024,-2.9,-3.4,-1.7,-3.3,false,false,false,taxes in line with peers,['fallback:primary_candidate+trademark+website'],[confirmed]
799,C_not_flagged,Entity xab602e2834,979596830,auto,4,30.0,5.0,592000.0,19000.0,20.0,4173000.0,2024,-2.9,-3.4,-1.7,-3.3,false,false,false,too few reviews for the rating profile,"['fallback:website', core_name+activity, exact_name]","[single_source, confirmed, unverified]"
800,C_not_flagged,Entity x448ee19769,960841458,hair_beauty,1,90.0,5.0,131000.0,3200.0,11.5,1583000.0,2024,-3.0,-3.7,-1.4,-3.5,false,false,false,not visibly busy vs category (100+ reviews needed),['fallback:primary_candidate+trademark'],[brand_level_only]
801,C_not_flagged,Entity xcb8e99ead4,928098358,auto,1,10.0,4.5,377000.0,27000.0,66.5,8779000.0,2024,-3.0,-2.6,-3.1,-3.6,false,false,false,too few reviews for the rating profile,[exact_name],[unverified]
802,C_not_flagged,Entity x067f81a992,905987104,auto,4,550.0,4.5,2000000.0,66000.0,65.5,9129000.0,2024,-3.0,-3.4,-2.4,-2.7,false,false,false,taxes in line with peers,"['fallback:job_ads', 'fallback:website']","[brand_site_code, brand_level_only]"
803,C_not_flagged,Entity xc8d07d7581,983605535,auto,1,150.0,4.5,1644000.0,66000.0,89.0,9621000.0,2024,-3.0,-3.2,-2.7,-2.8,false,false,false,taxes in line with peers,[exact_name],[confirmed]
804,C_not_flagged,Entity xc79105c62e,981059445,auto,2,200.0,4.5,3350000.0,66000.0,16.5,15429000.0,2024,-3.1,-3.9,-1.5,-3.3,false,false,false,taxes in line with peers,['fallback:trademark'],[brand_level_only]
805,C_not_flagged,Entity x60fe6b194e,934780404,auto,1,0.0,5.0,883000.0,27000.0,60.0,5770000.0,2024,-3.1,-3.5,-2.4,-3.2,false,false,false,too few reviews for the rating profile,[exact_name],[confirmed]
806,C_not_flagged,Entity xe8939905a5,925120711,auto,1,30.0,5.0,755000.0,19000.0,34.0,2689000.0,2024,-3.2,-3.7,-2.6,-2.8,false,false,false,too few reviews for the rating profile,[exact_name],[unverified]
807,C_not_flagged,Entity x02dcb8b19a,914707873,auto,1,300.0,4.5,3627000.0,66000.0,43.5,19402000.0,2024,-3.3,-4.0,-1.9,-3.5,false,false,false,taxes in line with peers,['fallback:job_ads+website'],[confirmed_by_audit]
808,C_not_flagged,Entity x622654f4e1,973614062,auto,5,1250.0,4.0,2347000.0,66000.0,114.0,13324000.0,2024,-3.3,-3.6,-3.0,-3.1,false,false,false,taxes in line with peers,[exact_name],"[confirmed, unverified]"
809,C_not_flagged,Entity x7c7db1d967,996571377,nightlife,1,2000.0,4.5,2260000.0,90000.0,95.0,123781000.0,2024,-3.4,-3.2,-2.8,-4.9,false,false,false,taxes in line with peers,['fallback:primary_candidate+trademark'],[brand_level_only]
810,C_not_flagged,Entity x13a3c4bea8,901426256,auto,1,20.0,4.5,1031000.0,19000.0,28.5,8391000.0,2024,-3.5,-4.0,-2.3,-4.0,false,false,false,too few reviews for the rating profile,[core_name+address],[unverified]
811,C_not_flagged,Entity x029ec93769,903940236,auto,1,40.0,5.0,944000.0,19000.0,34.5,5955000.0,2024,-3.5,-3.9,-2.8,-3.6,false,false,false,too few reviews for the rating profile,['fallback:website'],[single_source]
812,C_not_flagged,Entity x7967a4f1fa,955914216,auto,1,200.0,4.0,3249000.0,66000.0,87.5,36427000.0,2024,-3.5,-3.9,-2.5,-4.1,false,false,false,taxes in line with peers,['fallback:website'],[single_source]
813,C_not_flagged,Entity xecbe11629f,979617460,nightlife,1,0.0,5.0,1876000.0,36000.0,242.5,15682000.0,2024,-3.5,-3.9,-2.6,-3.9,false,false,false,too few reviews for the rating profile,['fallback:vmvt'],[single_source]
814,C_not_flagged,Entity x89218bd117,972662046,auto,1,10.0,3.5,770000.0,27000.0,155.5,15190000.0,2024,-3.5,-3.3,-3.4,-4.2,false,false,false,too few reviews for the rating profile,['fallback:primary_candidate+website'],[single_source]
815,C_not_flagged,Entity x4ec254cf94,953512147,auto,1,0.0,3.5,775000.0,27000.0,94.5,70936000.0,2024,-3.7,-3.3,-2.8,-5.7,false,false,false,too few reviews for the rating profile,['fallback:website'],[single_source]
816,C_not_flagged,Entity x75192e9f09,916806858,auto,1,0.0,,1965000.0,12000.0,11.0,2521000.0,2024,-3.7,-5.1,-1.9,-3.0,false,false,false,too few reviews for the rating profile,[exact_name],[confirmed]
817,C_not_flagged,Entity x9f0fb29d60,969984232,auto,1,50.0,4.5,1948000.0,19000.0,32.5,8436000.0,2024,-3.9,-4.6,-2.6,-4.0,false,false,false,not visibly busy vs category (65+ reviews needed),[exact_name],[unverified]
818,C_not_flagged,Entity x2de127b1d6,956857626,auto,1,2250.0,4.0,4694000.0,66000.0,225.0,13077000.0,2024,-3.9,-4.3,-3.7,-3.1,false,false,false,taxes in line with peers,['fallback:job_ads+primary_candidate+website'],[confirmed]
819,C_not_flagged,Entity xd51611a0c7,961746217,auto,1,10.0,4.0,14000.0,2200.0,6.0,124000.0,2024,-4.0,-1.8,-9.8,-0.8,false,false,false,too few reviews for the rating profile,[exact_name],[unverified]
820,C_not_flagged,Entity xd448408b45,985602864,auto,1,950.0,4.5,5860000.0,66000.0,248.5,25895000.0,2024,-4.1,-4.5,-3.6,-3.8,false,false,false,taxes in line with peers,[name_part+address],[unverified]
821,C_not_flagged,Entity xe1a95f2379,961882926,nightlife,1,3250.0,4.5,7258000.0,90000.0,1185.0,29465000.0,2024,-4.1,-4.4,-4.2,-3.4,false,false,false,taxes in line with peers,['fallback:job_ads'],[brand_level_only]
822,C_not_flagged,Entity xab2eb03b36,913515897,nightlife,1,60.0,3.5,3675000.0,42000.0,155.0,17447000.0,2024,-4.2,-4.5,-3.6,-4.3,false,false,false,too few reviews for the rating profile,['fallback:primary_candidate+vmvt+website'],[confirmed]
823,C_not_flagged,Entity xf0e920c2cc,967683481,auto,2,250.0,4.5,5893000.0,66000.0,183.5,163946000.0,2024,-4.3,-4.5,-3.1,-5.6,false,false,false,taxes in line with peers,['fallback:website'],[single_source]
824,C_not_flagged,Entity x8cb525cedc,951283016,auto,1,1000.0,4.5,6423000.0,66000.0,1373.0,21540000.0,2024,-4.3,-4.6,-4.3,-3.6,false,false,false,taxes in line with peers,[exact_name],[conflict]
825,C_not_flagged,Entity xcda3feb73d,936785065,auto,1,150.0,4.5,42000.0,5500.0,8.5,375000.0,2024,-4.4,-2.0,-10.2,-1.7,false,false,false,taxes in line with peers,[exact_name],[unverified]
826,C_not_flagged,Entity x2768bbb6d3,979403124,auto,1,50.0,5.0,2070000.0,19000.0,118.5,16577000.0,2024,-4.4,-4.7,-3.9,-4.6,false,false,false,too few reviews for the rating profile,[address_only],[unverified]
827,C_not_flagged,Entity x9b9a2cf376,981421896,hair_beauty,1,60.0,4.5,543000.0,2900.0,37.0,3263000.0,2024,-4.5,-5.2,-3.2,-4.4,false,false,false,taxes in line with peers,['fallback:trademark'],[brand_level_only]
828,C_not_flagged,Entity x49745f3235,962160086,auto,1,40.0,4.5,58000.0,5500.0,7.0,307000.0,2024,-4.5,-2.3,-10.1,-1.5,false,false,false,not visibly busy vs category (65+ reviews needed),['fallback:website'],[single_source]
829,C_not_flagged,Entity x2fcac9913f,911638680,auto,2,150.0,4.5,7279000.0,66000.0,351.0,89639000.0,2024,-4.6,-4.7,-4.0,-5.0,false,false,false,taxes in line with peers,"['fallback:primary_candidate+website', 'fallback:website']",[single_source]
830,C_not_flagged,Entity x73b7c2e9cd,986311699,auto,2,350.0,4.5,11379000.0,66000.0,149.0,67027000.0,2024,-4.6,-5.2,-3.6,-4.7,false,false,false,taxes in line with peers,"['fallback:primary_candidate+website', exact_name]","[single_source, unverified]"
831,C_not_flagged,Entity xd1031d4a97,906534752,auto,1,50.0,3.5,4087000.0,19000.0,62.0,17249000.0,2024,-4.7,-5.4,-3.5,-4.7,false,false,false,too few reviews for the rating profile,['fallback:website'],[single_source]
832,C_not_flagged,Entity x927e4060eb,943628195,auto,1,0.0,5.0,21000.0,1600.0,8.5,440000.0,2024,-4.8,-2.6,-10.2,-2.4,false,false,false,too few reviews for the rating profile,[exact_name],[confirmed_by_audit]
833,C_not_flagged,Entity x0c81d3c1e2,943013390,nightlife,1,80.0,4.5,6053000.0,42000.0,983.5,36913000.0,2024,-4.8,-5.0,-4.4,-5.1,false,false,false,not visibly busy vs category (470+ reviews needed),['fallback:vmvt'],[confirmed_by_audit]
834,C_not_flagged,Entity x03457edfad,916214936,hair_beauty,2,400.0,4.5,45000.0,2900.0,9.5,239000.0,2024,-4.8,-2.7,-10.3,-1.9,false,false,false,taxes in line with peers,['fallback:trademark'],[brand_level_only]
835,C_not_flagged,Entity xed28570554,914441852,hair_beauty,1,0.0,5.0,509000.0,1500.0,35.5,5593000.0,2024,-4.9,-5.8,-3.3,-5.2,false,false,false,too few reviews for the rating profile,['fallback:primary_candidate+website'],[single_source]
836,C_not_flagged,Entity x30e462b698,966810499,auto,1,0.0,3.0,78000.0,3600.0,9.5,406000.0,2024,-5.0,-3.1,-10.3,-1.8,false,false,false,too few reviews for the rating profile,[exact_name],[unverified]
837,C_not_flagged,Entity xaf782b0043,952373946,auto,2,950.0,4.5,31381000.0,66000.0,73.5,170180000.0,2024,-5.0,-6.2,-2.7,-5.7,false,false,false,taxes in line with peers,"['fallback:job_ads+primary_candidate', 'fallback:job_ads+primary_candidate+serp']","[confirmed, single_source]"
838,C_not_flagged,Entity xb1d5c4e371,989390346,auto,1,50.0,5.0,68000.0,2200.0,6.0,1455000.0,2024,-5.5,-3.4,-10.3,-3.2,false,false,false,too few reviews for the rating profile,[exact_name],[unverified]
839,C_not_flagged,Entity xcd3f657a46,969146100,auto,1,0.0,5.0,9515000.0,12000.0,160.5,101283000.0,2024,-6.0,-6.7,-4.4,-6.7,false,false,false,too few reviews for the rating profile,[address_only],[unverified]
840,C_not_flagged,Entity xec06c93bf2,990108085,auto,1,0.0,3.0,18360000.0,12000.0,114.0,86711000.0,2024,-6.3,-7.4,-4.2,-6.6,false,false,false,too few reviews for the rating profile,[address_only],[rejected_by_audit]
841,C_not_flagged,Entity x3c721435dd,963012644,nightlife,1,450.0,4.0,65659000.0,39000.0,374.5,112929000.0,2024,-6.4,-7.4,-5.1,-5.9,false,false,false,taxes in line with peers,['fallback:job_ads'],[brand_level_only]
842,C_not_flagged,Entity x27e6cd4d7c,940368733,auto,1,0.0,,36922000.0,12000.0,210.0,315807000.0,2024,-7.1,-8.1,-4.9,-7.9,false,false,false,too few reviews for the rating profile,[core_name+activity],[unverified]
843,C_not_flagged,Entity x4530732eaf,993186079,auto,2,0.0,1.0,79783000.0,12000.0,658.5,610547000.0,2024,-7.6,-8.8,-5.0,-8.5,false,false,false,too few reviews for the rating profile,['fallback:website'],[single_source]
